id,domain,status,purchase_price,renewal_price,attractiveness,demand,length,registrar,created_at,expires_at
0006e08a-5f95-4b51-95f7-465ca729af7d,advertises.sucks,available,298,,56,3,10,namecheap,,
00175083-b785-47c9-9568-99f2d0a6bca9,sparklingwine.sucks,available,298,,69,4,14,namecheap,,
003a82ed-ef9c-4730-935f-221792ffb971,closeout.sucks,available,298,,76,6,9,namecheap,,
005c1efa-6191-4e7c-8aad-7a5197cca356,glances.sucks,available,298,,52,5,7,namecheap,,
00643683-5349-4f7d-af6c-4fbd0da343d6,comeintoeffect.sucks,available,298,,70,0,16,namecheap,,
00858e9d-0f45-4943-93f9-d6780d78961d,introspection.sucks,available,298,,66,8,13,namecheap,,
008e3709-96b1-4e92-a929-324621d342d1,notalittle.sucks,available,298,,60,1,12,namecheap,,
00eb70c8-fa1d-4c52-b3a0-20cd3b95d8aa,letthebuyerbeware.sucks,available,298,,67,0,20,namecheap,,
00f57f65-0686-4cbe-83cd-e919c06add31,exclamations.sucks,available,298,,50,2,12,namecheap,,
00f6d35c-7e5e-43a1-b4c2-479d99ed495e,myGod.sucks,premium,,,74,9,6,,,
010b725e-dd26-490f-b5f6-e8372745c1a0,calculates.sucks,available,218.99,218.99,50,4,10,namesilo,,
011340ea-b2f0-492e-91ba-d30721269fbf,explanation.sucks,available,298,,68,7,11,namecheap,,
0113fc72-97d1-4462-b5fd-e14cffe60864,intandem.sucks,available,298,,72,7,9,namecheap,,
0114cf1d-c9ca-4a04-a75c-5c341fb040c8,sucked.sucks,available,298,,54,4,6,namecheap,,
013e0d66-b7e4-403a-bbeb-9b92d288e6dd,libraries.sucks,available,218.99,218.99,58,11,9,namesilo,,
015b76c4-790f-447d-bea1-0353410629ac,thefactthat.sucks,available,298,,47,1,13,namecheap,,
016b1404-61b7-4c9b-81bf-64620a163c0c,manycore.sucks,available,298,,68,3,8,namecheap,,
016d5cc8-8173-41e5-9de9-810f999a6053,havetodo.sucks,available,298,,56,1,10,namecheap,,
018a9d48-66d7-43b2-8c21-121130b5bcf1,suggestions.sucks,available,298,,56,5,11,namecheap,,
01c346a8-e5b0-4c59-87a1-897ba5e2dd4a,dogsledding.sucks,available,218.99,218.99,76,2,11,namesilo,,
01d796b9-f596-4e6d-b7d1-88a79b1f2055,destinations.sucks,available,218.99,218.99,72,14,12,namesilo,,
0225dcce-c0a3-40ed-94db-260ad2a8b5b9,gettobe.sucks,available,298,,54,1,9,namecheap,,
022f37f3-95ca-44b4-afc8-3ab4e3fb7937,getwith.sucks,available,298,,74,4,8,namecheap,,
02339e40-6928-4706-b157-4f75bc0ac0b9,justthen.sucks,available,298,,62,1,9,namecheap,,
024fa739-bf28-4e0e-99fd-fe534813f90d,letthemhaveit.sucks,available,298,,47,1,16,namecheap,,
0264e760-8263-4912-add7-2c3d9435e889,havenousefor.sucks,available,298,,56,0,15,namecheap,,
02794208-0ae1-4943-aeed-452062765518,shoppers.sucks,premium,2658.67,2658.67,64,10,8,namesilo,,
027cc59d-31f7-442d-8826-af59bb5e7d9e,signs.sucks,premium,2938.6,2938.6,64,22,5,namecheap,,
0280b9c3-7177-4a31-9a4d-2bb63531c9af,wanttobet.sucks,available,298,,62,1,11,namecheap,,
02a8b53f-2b7a-41d6-a3e0-d38801cf4084,thanksbe.sucks,available,298,,60,1,9,namecheap,,
02c64c21-a1ee-4c33-91ab-a42e3e677f67,startin.sucks,available,298,,71,6,8,namecheap,,
02e8dad5-c1fd-4852-a980-1f9ea7ff64ea,pictorials.sucks,available,218.99,218.99,56,2,10,namesilo,,
02ee2acc-9e09-4edd-88fe-29667bf2e7b4,newsstand.sucks,premium,2938.6,2938.6,52,5,10,namecheap,,
02ef77f6-b3a5-4bc2-9ee3-c6ee15f79795,ambled.sucks,available,218.99,218.99,58,2,6,namesilo,,
02f1847e-61bf-41bc-93c0-0bfb759b8d57,actresses.sucks,available,218.99,218.99,56,5,9,namesilo,,
02fdfd66-5d4e-4b19-b6aa-355f4fa44372,rolemodel.sucks,available,298,,85,6,10,namecheap,,
031b20db-5d93-4757-996e-5372ec0d2e93,strapin.sucks,available,298,,68,1,8,namecheap,,
0322731b-0bb6-4b01-85c4-57d1f2cf82dc,comeupto.sucks,available,298,,72,1,10,namecheap,,
034939eb-2a7a-4bda-87f1-b63ed9d34585,inorderfor.sucks,available,298,,60,0,12,namecheap,,
034fc732-5c64-44a9-ba8e-dd6170f3d9f2,letsomeonego.sucks,available,298,,69,1,14,namecheap,,
0358735f-b192-45be-ad3d-3b5dd8863c35,mouthed.sucks,available,218.99,218.99,63,1,7,namesilo,,
0358df06-28b6-4db1-843b-10302abe4a78,schools.sucks,available,298,,72,24,7,namecheap,,
03618a0b-40ce-445f-a9dd-65741b88be02,movemountains.sucks,available,298,,72,4,14,namecheap,,
03662c6d-cf82-4025-9547-c987d9944f67,deadlines.sucks,available,218.99,218.99,54,5,9,namesilo,,
03688313-1f4e-489d-adb4-306cfc4e449e,childsextourism.sucks,available,218.99,218.99,30,1,17,namesilo,,
036b744c-37b5-45aa-892b-104f25f9fe92,barkeeper.sucks,available,298,,70,4,10,namecheap,,
037beda6-61f7-4d10-aa0a-52262a800bb1,SwedishEmpire.sucks,premium,,,58,1,14,,,
0382ca1a-24a9-4c09-808f-4b141b59cb33,arriveat.sucks,available,298,,70,1,9,namecheap,,
03892c7d-93c6-427a-b0aa-6f132df5dffd,shares.sucks,available,298,,58,18,6,namecheap,,
038dda9f-0c84-484a-8117-e49957eeb2e8,keepunder.sucks,available,298,,66,1,10,namecheap,,
039559c8-479b-43b3-843e-e36d73d65085,shortages.sucks,available,218.99,218.99,48,3,9,namesilo,,
03ab4f9f-dbf2-4717-9db1-7086f52d27cd,tbsp.sucks,available,298,,63,5,4,namecheap,,
03b63a55-574c-4fe3-a8db-37a2cbcc6246,inhouse.sucks,premium,2938.6,2938.6,70,23,8,namecheap,,
03bedd25-3ce1-4fa5-8f98-6167f173cf13,transports.sucks,available,298,,52,7,10,namecheap,,
03ca0b6b-203c-40d3-954e-7c202865941b,genericterm.sucks,available,298,,68,0,12,namecheap,,
03f51af7-8202-410b-9a80-fa3158bbc99d,Igirder.sucks,premium,,,58,1,8,,,
040798cc-a6b3-45af-b662-fefb780ed668,filetypes.sucks,available,218.99,218.99,46,3,9,namesilo,,
0411f197-a332-4056-9093-d7a7c835d3df,requires.sucks,available,298,,58,4,8,namecheap,,
0430c2b4-720c-44f2-b074-6512fea2f117,updated.sucks,available,298,,52,10,7,namecheap,,
043ba56d-22ca-4085-85a1-09ae7281079a,heroes.sucks,premium,2938.6,2938.6,68,29,6,namecheap,,
044f91e4-9955-4fce-aa57-b148352b5a7d,comeintobeing.sucks,available,298,,68,1,15,namecheap,,
04548a1f-7117-4a42-9850-aa03de29f7ee,presents.sucks,available,298,,80,9,8,namecheap,,
045f6a71-4b33-4cdb-bead-1743e2b9600b,manycolored.sucks,available,218.99,218.99,54,0,12,namesilo,,
047a1158-4650-480b-b837-7f1c7af28f08,fasttimes.sucks,available,298,,80,3,10,namecheap,,
047f919e-7ab7-4f10-864c-de7e87d9c619,bonappetit.sucks,premium,2938.6,2938.6,86,8,11,namecheap,,
04813fea-654c-4d31-88e5-426d3497f88f,blocks.sucks,available,298,,53,29,6,namecheap,,
04880728-f5ff-4b87-bcc9-0b3438e53a8e,BigMacsauce.sucks,premium,,,70,1,13,,,
04935c66-2090-45a1-8dac-96399846f362,cometofindout.sucks,available,298,,42,1,16,namecheap,,
04a832e2-d3fa-4120-9d30-00a9b24a6a59,makestrides.sucks,available,298,,78,1,12,namecheap,,
04dee1dc-32d0-4366-a793-66e77e107648,organisations.sucks,available,218.99,218.99,52,3,13,namesilo,,
05003a5f-62a7-4ff9-b2f0-d5ea97f4432b,Ihaveadisability.sucks,premium,,,50,1,19,,,
0543aaf1-a6a9-49ee-a5e7-a3b36ef54bcf,gettingusedto.sucks,available,298,,66,1,15,namecheap,,
05912300-d3b0-4d7c-b959-6f5bc3cf13c9,foes.sucks,available,298,,46,6,4,namecheap,,
059953d3-b584-45dd-8035-e1dd0f0277bd,tractors.sucks,available,218.99,218.99,56,8,8,namesilo,,
05b01679-5667-4bb7-ad79-f9a15b91a543,sources.sucks,available,298,,48,14,7,namecheap,,
05b2d6ff-4e52-434a-aee3-1056b4a92408,distinctiveness.sucks,available,218.99,218.99,72,1,15,namesilo,,
05bbaf4e-6a16-4f3f-b89d-63eeb3e7aff2,reservation.sucks,available,298,,65,19,11,namecheap,,
05f08812-ee00-41c7-8aec-e38d076fbdde,precautions.sucks,available,298,,48,2,11,namecheap,,
05fd2e5a-ad1a-47a5-b6a0-d2b157cdb8cc,Ikidyounot.sucks,premium,,,50,2,13,,,
0603c1d9-1981-4b0d-932c-11be25dbb3c0,requisitions.sucks,available,298,,54,1,12,namecheap,,
06063d15-de34-42a7-b29e-9f6973b1f1e2,CountyofRiley.sucks,available,218.99,218.99,42,1,15,namesilo,,
06099ec5-c593-455d-b443-2e0bfbfbd623,decidedness.sucks,available,218.99,218.99,74,1,11,namesilo,,
060a791e-5201-4a34-abd9-da92783afcc8,steroids.sucks,available,218.99,218.99,50,10,8,namesilo,,
060a9499-f803-409c-8c1a-98bb5f53abc1,backbreaking.sucks,available,298,,54,1,13,namecheap,,
065b0cb3-2569-478b-8d25-c6d7b38b55e4,goinon.sucks,available,218.99,218.99,74,2,8,namesilo,,
0661f7c8-da30-40e5-8662-c6e22b56d9e9,VeniceBeach.sucks,premium,,,56,7,12,,,
06fa27d3-e86c-4a65-84a3-4b138d6e63c0,workingorder.sucks,available,298,,64,1,13,namecheap,,
0726e097-0450-4787-a360-a131f1f9362d,spillover.sucks,available,298,,68,4,10,namecheap,,
073fdef4-89c9-479c-bfdd-e0b833af722d,pastasauce.sucks,available,298,,79,2,11,namecheap,,
0760aebe-89b2-4014-b4e2-79440276cdf0,Snickers.sucks,premium,,,80,10,8,,,
0771775f-32c0-4701-b6d9-504b8e9c4014,washes.sucks,available,218.99,218.99,54,3,6,namesilo,,
0778d849-a6b4-4ee1-a63e-c1a159326cb2,prayed.sucks,available,298,,62,4,6,namecheap,,
07bba336-0493-41a4-8d5d-7acb6b7a51f1,pluses.sucks,available,218.99,218.99,56,4,6,namesilo,,
07c418f8-7d9d-459b-ba41-faf0ad0ed077,thanksaton.sucks,available,298,,62,1,12,namecheap,,
07ce0526-f7cf-47b3-b105-f0c911fa816d,justyouwait.sucks,available,298,,46,1,13,namecheap,,
07cf9770-aad1-49b4-9685-9e52c2dc8898,gaslit.sucks,available,298,,64,6,6,namecheap,,
07d308f8-ad2e-4eb2-9298-235750a99d88,Ifeelyou.sucks,premium,,,58,4,10,,,
07f7400a-87d5-4a8c-ab19-b4cfa2fc6a84,lunchware.sucks,available,298,,78,1,9,namecheap,,
07fb10e2-a9d7-4bef-ae16-c261e4b8341b,objected.sucks,available,218.99,218.99,48,2,8,namesilo,,
0801b99d-c2d5-4913-93be-c34aab810c4d,gothroughwith.sucks,available,218.99,218.99,58,1,15,namesilo,,
080cb138-774e-44b9-9ff2-9793bfe39b74,specializing.sucks,available,218.99,218.99,52,2,12,namesilo,,
080db181-e470-4443-bc6c-65c959e663bc,makeme.sucks,available,298,,56,13,7,namecheap,,
08118011-63db-4475-a65e-24f3aba7e6e1,openings.sucks,available,298,,62,9,8,namecheap,,
0829e3a5-1428-44d8-864e-f21c3d10b3ff,clipboards.sucks,available,218.99,218.99,56,4,10,namesilo,,
083eaebb-af89-4d3c-a28a-f2212bb4ebdd,nights.sucks,available,298,,74,12,6,namecheap,,
084061f7-9c28-44a7-b7d8-4d385ed7420c,nonsmoking.sucks,available,298,,68,3,11,namecheap,,
08433520-0d3d-4a15-b5f9-85c2f4daaa8b,gascooker.sucks,available,298,,52,1,10,namecheap,,
084a3ed6-f306-4692-9065-adcc72ac478c,costbenefit.sucks,available,298,,52,3,12,namecheap,,
084f1ac2-f79e-4481-8480-5d571cb397c7,waitforit.sucks,available,298,,43,4,11,namecheap,,
086350df-4a25-41b8-9d28-cddcc2f628ef,gotobed.sucks,available,298,,72,3,9,namecheap,,
087b87e7-c051-47d8-a2d2-60e1291ac1f2,slipdress.sucks,available,298,,76,1,10,namecheap,,
087e62a0-7a8e-4ba5-abea-2e0a7ba59b8c,pullover.sucks,available,298,,74,4,9,namecheap,,
088bfd8c-cf2a-40b4-8de5-7f16bc916244,disappointment.sucks,available,298,,50,4,14,namecheap,,
0898df99-fa78-465e-89a8-f54c62e3450e,fellowed.sucks,available,298,,52,1,8,namecheap,,
089cb484-bc13-4df5-8b0d-cdb7e7963b76,inthemain.sucks,available,298,,50,1,11,namecheap,,
08b4d220-dc74-4b5a-862e-852391162875,CountyofWyandot.sucks,available,218.99,218.99,42,0,17,namesilo,,
08be2a7f-9808-4486-9d6a-443172734f9d,professions.sucks,available,218.99,218.99,50,6,11,namesilo,,
08cc1749-7086-4875-8481-464a64ef86cb,IslesofScilly.sucks,premium,,,52,1,15,,,
08eee73b-db72-42f0-b5f0-028b930f0ede,fundamentals.sucks,available,298,,74,15,12,namecheap,,
08f69cd3-2371-4731-9985-e8883ff6972a,prettiest.sucks,available,298,,62,4,9,namecheap,,
090fbf0a-3044-43fe-8ed8-d020ce840a4d,merrygorounds.sucks,available,218.99,218.99,54,0,15,namesilo,,
092ee475-a38f-4bb8-a31a-0d107c799146,neighbors.sucks,premium,2938.6,2938.6,63,17,9,namecheap,,
09927984-472a-4b79-9c05-5a7fcc9f0f72,texting.sucks,premium,2938.6,2938.6,72,13,7,namecheap,,
09a31692-a330-417d-b1e4-e1df9f42e1a3,instruments.sucks,available,298,,62,11,11,namecheap,,
09bfe1ac-e584-488c-a5d6-236a092a22e5,goawry.sucks,available,298,,66,0,7,namecheap,,
09c1f972-dc95-4c8c-a3b6-9a45a8f39a43,paintpot.sucks,available,298,,72,2,9,namecheap,,
09db30be-9797-4e71-94e9-c045cf934f2f,letthedevilout.sucks,available,298,,62,1,17,namecheap,,
0a09a084-132f-4d8e-bbea-9a1d9b7a1774,runners.sucks,available,298,,78,16,7,namecheap,,
0a0f4b85-2678-4211-9771-75b5a7c18851,keepout.sucks,available,298,,70,3,8,namecheap,,
0a5e760a-6420-4b3e-bfeb-dc32d0b4d9f6,commonknowledge.sucks,available,298,,72,5,16,namecheap,,
0a5f827d-331b-49f0-8456-14f01118f317,starkest.sucks,available,218.99,218.99,40,2,8,namesilo,,
0a8f7689-40f4-4c47-ae51-697241df9293,pens.sucks,available,218.99,218.99,48,12,4,namesilo,,
0a93a37b-366c-43c8-8126-8e5484945609,stretchout.sucks,available,298,,70,2,11,namecheap,,
0aa2eea6-791d-4bee-b577-4c5fbe14f59b,devotes.sucks,available,218.99,218.99,56,2,7,namesilo,,
0ab0d143-41b0-4442-a7ef-57ecdbc58b10,predisposition.sucks,available,298,,62,1,14,namecheap,,
0ac306f6-009d-4f38-87d8-17dbdbc55d31,victories.sucks,available,298,,58,5,9,namecheap,,
0b0a1401-ff7f-4cda-9eea-35001bc9257e,grassrootsdemocracy.sucks,available,298,,66,1,20,namecheap,,
0b17cc45-f393-4832-9a73-57afe42dbf8c,makeswaves.sucks,available,218.99,218.99,60,1,11,namesilo,,
0b267524-a025-405a-ae0a-937e90513814,relied.sucks,available,218.99,218.99,50,3,6,namesilo,,
0b2bd3ce-1cc6-4a23-9c8f-e68cc5be0d33,goonvacation.sucks,available,298,,48,1,14,namecheap,,
0b307dc2-471a-4803-92e6-192ab9ab419b,makers.sucks,premium,2658.67,2658.67,62,67,6,namesilo,,
0b31644f-8c5a-413c-97b9-cec120ee55c9,gonegative.sucks,available,298,,66,1,11,namecheap,,
0b3666c7-ecf9-4c4d-9854-173033798ad9,paused.sucks,available,298,,56,6,6,namecheap,,
0b700e25-ac44-43bb-85e9-85072f9f369d,onejoke.sucks,available,298,,70,1,8,namecheap,,
0b7bec04-8652-4b1f-b120-a33888003e39,CountyofMitchell.sucks,available,218.99,218.99,42,0,18,namesilo,,
0b94e4e5-6018-49f4-b070-553d673ed2b8,typed.sucks,available,298,,70,11,5,namecheap,,
0ba9abef-da6b-493a-a79f-44cf5da62388,sophistication.sucks,available,298,,70,3,14,namecheap,,
0bc4078f-05c2-46e9-a9bf-1947c31caa43,rained.sucks,available,218.99,218.99,50,4,6,namesilo,,
0bda1fa3-724f-4319-9ce4-3e1769325aa5,eachway.sucks,available,298,,68,2,8,namecheap,,
0becfbca-a565-41fb-b192-00de85fdc30f,electricians.sucks,available,218.99,218.99,56,10,12,namesilo,,
0bf1baa5-fed6-4049-96c0-b0274b5caf8c,putitthere.sucks,available,298,,54,1,12,namecheap,,
0bfc8dc5-0f9f-49be-a067-d8353882c493,givelife.sucks,available,298,,58,5,9,namecheap,,
0c0f6282-d51c-4ea6-8394-4e73c7d6a7a3,becalled.sucks,available,218.99,218.99,86,2,9,namesilo,,
0c171671-72d5-4337-afe6-ca79cc465183,playon.sucks,premium,2938.6,2938.6,80,14,7,namecheap,,
0c27a614-43d5-4172-87e6-9620cf79a3f8,visitors.sucks,available,298,,62,10,8,namecheap,,
0c3d6e8a-3142-4df8-951b-965be1b97563,arrested.sucks,available,298,,60,7,8,namecheap,,
0c861f45-0709-4573-b438-aaceb9d56c45,snowstorms.sucks,available,218.99,218.99,50,2,10,namesilo,,
0c948cc0-d204-41b8-8781-6b9ae9a03d48,settlefor.sucks,available,298,,76,0,10,namecheap,,
0cd06969-dc2e-4a41-b6ff-e23470412437,stepup.sucks,premium,2938.6,2938.6,78,19,7,namecheap,,
0d047801-c8b2-49f1-aee6-a1673999db70,thrilly.sucks,available,298,,71,2,7,namecheap,,
0d0be85e-9475-49ce-9b56-f7c3ce9530ec,hovers.sucks,available,218.99,218.99,56,3,6,namesilo,,
0d0d9e54-4985-4b25-af5e-3ad36339223a,waitout.sucks,available,298,,63,1,8,namecheap,,
0d121d4d-f60a-4187-8170-3b31a7490e27,stretches.sucks,available,298,,50,2,9,namecheap,,
0d4ce44b-4356-420d-8010-8ded8ecc440c,theories.sucks,available,298,,58,6,8,namecheap,,
0d54ab9d-9272-49e7-91a4-2f2fe3cd5faa,ofchoice.sucks,available,298,,58,1,9,namecheap,,
0d65a35e-0a87-4008-931a-e13fcf0f72bb,letitsnow.sucks,premium,2938.6,2938.6,69,4,11,namecheap,,
0d6a5882-cfa3-43c9-b5c5-e677d2fe38fc,likecrazy.sucks,available,298,,72,1,10,namecheap,,
0d7cc91f-5279-4fb8-9c58-66175286a5ac,RoyalMail.sucks,premium,2658.67,2658.67,76,12,10,namesilo,,
0d8e642c-b80a-45a4-b0db-b9748850422b,germs.sucks,available,218.99,218.99,40,5,5,namesilo,,
0d91593c-ab15-4f11-8538-14907a9e99b3,does.sucks,premium,2938.6,2938.6,60,15,4,namecheap,,
0d93dde4-e118-43d9-bd82-7997fb7a4cec,demotes.sucks,available,218.99,218.99,46,1,7,namesilo,,
0db4e5a5-efde-4377-a6be-27969693337e,photos.sucks,premium,2938.6,2938.6,54,28,6,namecheap,,
0dbec3ed-6888-4ccd-9010-c0e458a82c6f,notebooks.sucks,available,218.99,218.99,56,9,9,namesilo,,
0dc007e2-7d5f-49c6-be1a-0710c2c9e0f1,sitaround.sucks,available,298,,66,1,10,namecheap,,
0dea87e3-f6de-46b2-bc49-bbb9dcf8f3be,socioeconomic.sucks,available,298,,54,1,13,namecheap,,
0e2e5b8c-939a-4445-a53e-4a262a26ea24,writes.sucks,available,298,,56,9,6,namecheap,,
0e41a396-8b34-43ba-bc5e-32f2904fa790,getthehint.sucks,available,298,,74,1,12,namecheap,,
0e49df6e-a3b3-4cd3-a106-2f17474ffc9d,centres.sucks,available,218.99,218.99,53,4,7,namesilo,,
0e5e6b10-2661-45cd-a1cb-8aeda0a762bb,thinks.sucks,available,298,,64,10,6,namecheap,,
0e61f1c2-272a-4f19-b768-4fca4906b2d4,lordofthemanor.sucks,available,298,,68,1,17,namecheap,,
0e927cd7-298a-4a1a-8bad-1a242f2cddb3,letslide.sucks,available,298,,76,1,9,namecheap,,
0ea81dbd-fc13-458e-b9c1-111505ed0450,makehistory.sucks,available,298,,86,4,12,namecheap,,
0eb93d07-953c-4e32-84c3-7558e5051cf2,designs.sucks,available,298,,72,21,7,namecheap,,
0ebdcaf8-c1a7-4d4c-8fc5-b57575960185,inthewind.sucks,available,298,,52,2,11,namecheap,,
0ef68015-647a-4d14-a52f-8a06ab2b3368,IsleofWight.sucks,premium,,,54,9,13,,,
0efa9a52-5471-4d4b-abc8-a149bafb928b,deadoralive.sucks,available,298,,54,5,13,namecheap,,
0efb1507-b5be-4574-97eb-1df96395666d,recommending.sucks,available,218.99,218.99,58,3,12,namesilo,,
0f067158-b2db-41e4-9650-324dabc011d7,highpolitics.sucks,available,298,,62,0,13,namecheap,,
0f3ff6c8-1322-4440-bd6d-945754d66435,goinfor.sucks,available,218.99,218.99,74,1,9,namesilo,,
0f4bafab-23da-481b-8f9b-99c3cb4781e5,agents.sucks,available,298,,56,50,6,namecheap,,
0f7c1c84-5400-4b43-8945-7c4973d9f28b,throngs.sucks,available,298,,53,2,7,namecheap,,
0f82f777-69fa-4fcf-8387-d085620d1812,estatesforlife.sucks,available,218.99,218.99,42,1,16,namesilo,,
0f8e3642-dc1b-4169-abc6-a9598ba29c14,maps.sucks,available,298,,56,31,4,namecheap,,
0fc6f620-25ba-4a18-8339-1f78fd445bc9,showingup.sucks,available,218.99,218.99,59,4,10,namesilo,,
0fd67a8c-716a-4e67-9772-5a40eac5cbd3,ovens.sucks,available,218.99,218.99,55,6,5,namesilo,,
0fe16bcf-d0e6-4556-ab3d-985752903f46,Ihateyou.sucks,premium,,,52,4,10,,,
0fe510b5-850e-4a9a-9404-9b89b3efd2b2,decideupon.sucks,available,298,,76,0,11,namecheap,,
0ffb7a39-6fe9-42e7-99a0-5c322e19c8d5,makethenews.sucks,available,298,,72,2,13,namecheap,,
0ffca7bc-0fa5-430f-aeec-8b7d1e6b778c,exchanges.sucks,available,298,,50,11,9,namecheap,,
1021428f-7658-4fb5-97f5-4078d4b71b69,pricetosell.sucks,available,298,,64,1,13,namecheap,,
1054ab64-325f-4168-b2f1-10cc319fc535,dogstail.sucks,available,298,,94,1,8,namecheap,,
105f89ed-c13c-4ed6-b653-4bdac8c26878,hears.sucks,available,298,,48,4,5,namecheap,,
106b3dcd-3a77-47a0-97aa-04ec45823302,stepbystep.sucks,premium,2938.6,2938.6,62,14,12,namecheap,,
10a11ec8-3833-4af0-b90b-bd14e0ea9367,scoopthepool.sucks,available,298,,44,1,14,namecheap,,
10cfe0a7-1186-419e-83d1-f24a2636ede8,disks.sucks,available,298,,50,6,5,namecheap,,
11092cc8-888d-41ff-987c-3a088ebe20cb,amplifiers.sucks,available,298,,56,4,10,namecheap,,
11292295-04c1-42c5-9bb3-51f5c1a02d02,volunteers.sucks,premium,2938.6,2938.6,62,12,10,namecheap,,
114ad352-fc55-42c0-a107-0eea1c88c998,playin.sucks,available,298,,80,10,7,namecheap,,
11727524-5094-420c-afc5-4134e51d9238,affirmations.sucks,available,218.99,218.99,64,9,12,namesilo,,
1187b53f-0c32-4ae4-953c-8559085ac1a5,splints.sucks,available,298,,63,1,7,namecheap,,
11b145a9-bd40-4a26-b54e-2ba55c209f35,couldof.sucks,available,298,,49,1,8,namecheap,,
11c62cce-bb36-4672-9b8e-4359adeb166f,servants.sucks,available,298,,54,4,8,namecheap,,
11c8eeb8-c40a-47ba-a309-31858a019d84,makeitmakesense.sucks,available,298,,50,7,18,namecheap,,
11caf1b2-d177-47e2-b8c2-6d5295ae5dab,letoneselfgo.sucks,available,298,,72,0,14,namecheap,,
11ef7d71-2d4e-4d59-bf3e-a08d409f6e56,getoutside.sucks,available,298,,79,6,11,namecheap,,
120598b6-7a70-4150-8b71-5093ec17f000,opts.sucks,available,298,,54,8,4,namecheap,,
1208ef6c-5c89-4fe9-b5e9-8d3632b90b2f,makesenseof.sucks,available,298,,52,1,13,namecheap,,
12500ab4-511f-4268-9c56-334deffc62db,slowed.sucks,available,298,,48,3,6,namecheap,,
125097c7-5a64-4b2c-899f-7051fb8b76be,gowiththeflow.sucks,available,298,,82,7,16,namecheap,,
1255ff21-f659-47df-9185-857698a57a0e,proxybullying.sucks,available,298,,28,1,14,namecheap,,
1264d361-838e-405f-af3c-87f4ed7bf469,continentalplate.sucks,available,298,,42,1,17,namecheap,,
12a1d093-dd7a-43f1-b100-f8d6e35f3b69,cometoaboil.sucks,available,298,,62,1,14,namecheap,,
12ac662b-dd07-4255-86f5-8bc6f0ab4417,Ilostmyhandbag.sucks,premium,,,50,1,17,,,
12cf71e4-0d22-4f74-ae8f-f690bae9cbad,droppingin.sucks,available,298,,70,2,11,namecheap,,
12ddd2e7-fc67-4feb-b30d-abb62d2d4d11,pileup.sucks,available,298,,65,3,7,namecheap,,
12ded8e7-e7f2-46ad-bb55-dc1caeb8eb53,looked.sucks,available,298,,74,5,6,namecheap,,
12eb9ddf-d259-4594-b3f9-ccc58222a039,postponement.sucks,available,298,,57,1,12,namecheap,,
12f35cd7-fde1-4d19-9c2e-e47f5e9c22b5,longlasting.sucks,available,298,,68,3,12,namecheap,,
12fae516-1b32-4393-a4be-e49a9537404d,coffeemaking.sucks,available,298,,72,2,13,namecheap,,
12fe708a-7634-4574-9218-b6e51bc89aa8,sums.sucks,available,298,,50,9,4,namecheap,,
1305ea03-61d9-4bf9-8195-50283501685d,grandmothers.sucks,available,298,,68,3,12,namecheap,,
13248cbd-215c-4f99-9ad1-77185db0706c,facilitation.sucks,available,298,,74,12,12,namecheap,,
1356fa70-f3f1-4fb9-8d07-6e035b64d3c8,keepbooks.sucks,available,218.99,218.99,52,2,10,namesilo,,
13714ca7-cf3a-44f0-aad7-a3d863eaa6c4,takehuff.sucks,available,218.99,218.99,64,1,9,namesilo,,
137fd76a-fee8-4dd2-8c5e-c1a3b9e00d95,carrymeout.sucks,available,298,,46,1,12,namecheap,,
139f4167-ac4f-4170-9581-2293c47a437b,praises.sucks,available,218.99,218.99,56,3,7,namesilo,,
13a1be14-36ba-451a-8db3-0c72ebfe5aba,operators.sucks,available,298,,52,13,9,namecheap,,
13a8ee6f-31d2-425f-82d7-8342797b2747,engineers.sucks,available,298,,60,19,9,namecheap,,
13c3516e-cfb7-4f11-aaa9-b4e4b58175d6,hookups.sucks,premium,2938.6,2938.6,74,9,8,namecheap,,
13fd4bd6-0a08-41cb-a5e8-5666e953ae0b,recessions.sucks,available,218.99,218.99,46,2,10,namesilo,,
140301e9-bb02-4303-bb69-9731325b81b6,spas.sucks,available,298,,56,10,4,namecheap,,
141992d7-b702-41c4-b8d3-0f55c987df44,berries.sucks,available,298,,60,13,7,namecheap,,
1439011c-9cf4-4cd1-9a45-2eb9f6627b26,postcards.sucks,available,218.99,218.99,50,11,9,namesilo,,
144258c0-b233-417b-a0cf-826e927fd266,goingto.sucks,available,298,,56,6,8,namecheap,,
144c7993-ea8b-414f-8b66-40970550c9a8,Keith.sucks,premium,,,66,25,5,,,
14572909-da3c-4f36-bee3-6a62c3cb4143,happens.sucks,available,298,,52,8,7,namecheap,,
14607f50-7721-4e77-b0ba-5abfd0afe1d8,blazeaway.sucks,available,298,,76,1,10,namecheap,,
146c4b7e-8f3f-4193-addb-62dabd952098,proxyvoting.sucks,available,298,,62,2,12,namecheap,,
148428a0-071b-43ae-ae5e-8b78d0c18c0c,besupposedto.sucks,available,298,,60,1,14,namecheap,,
14c99323-1c11-4548-ba62-bcc7afcb0fe0,replies.sucks,available,298,,54,7,7,namecheap,,
14dbf0f1-f95f-443d-9299-00bebe472bfb,porkribs.sucks,available,298,,55,1,9,namecheap,,
14dd5644-fead-499a-a9f7-5f7d443e5c46,Imustgo.sucks,premium,,,58,1,9,,,
14efb23e-3fae-4851-9585-9f328c127fa2,electricaltape.sucks,available,298,,64,1,15,namecheap,,
150851ea-8638-493b-a517-2f4e2af44196,choices.sucks,available,298,,60,12,7,namecheap,,
150cc006-5290-4030-a868-3ac3f41700f4,pierogi.sucks,available,298,,82,7,7,namecheap,,
15106411-50e9-4534-b4e5-b92eb3c4d6a3,girls.sucks,premium,2938.6,2938.6,83,23,5,namecheap,,
153d7372-03ca-4952-9d0f-330bdd7a5871,favors.sucks,available,298,,76,8,6,namecheap,,
153d8d4c-227b-46dd-acaa-491508509bc9,CountyofHarris.sucks,premium,,,42,1,16,,,
154464fb-09d0-48e1-a4a6-a8301341f0b8,largeandincharge.sucks,available,298,,62,1,19,namecheap,,
15472ba3-63a3-48a6-8720-3710050578c7,instore.sucks,premium,2938.6,2938.6,74,12,8,namecheap,,
1553329e-c6b1-45e0-b51a-cb26f35c0249,pros.sucks,available,218.99,218.99,53,23,4,namesilo,,
1573e81c-9935-4df0-9bbf-43550fef6d69,goneover.sucks,available,218.99,218.99,50,1,9,namesilo,,
157c12cf-d34f-4fea-9582-db2b48cadc1d,makehappen.sucks,available,298,,80,3,11,namecheap,,
159d2876-aee5-45e8-a8f9-c5f7c3422088,fits.sucks,available,298,,54,15,4,namecheap,,
15a30e72-1e23-45e2-895e-5dbe9503d14b,settledown.sucks,available,298,,80,2,11,namecheap,,
15a5d4a9-0227-4736-be20-19feca2ea3a5,produces.sucks,available,298,,54,5,8,namecheap,,
15aaf8f7-91d5-47de-b0bf-fb36eaafbf1d,liberties.sucks,available,298,,56,6,9,namecheap,,
15e50397-6222-48d0-9509-ad7af4d6f0e4,explained.sucks,available,298,,50,10,9,namecheap,,
15e812ef-d429-45c3-8450-79b02dbbef93,pizzaplace.sucks,available,218.99,218.99,56,3,11,namesilo,,
162b852b-d9f9-4a9d-9d72-ab0fa9a4c848,getthroughto.sucks,available,298,,49,1,14,namecheap,,
164acae3-a55f-427e-bd9a-279b06c53204,wines.sucks,available,298,,63,16,5,namecheap,,
164d151a-89db-4f65-9e74-b1bfb5cc4a09,blooddrives.sucks,available,218.99,218.99,62,1,12,namesilo,,
1651c91a-74ed-4e76-ba6a-439c8305c934,goodcheer.sucks,available,298,,60,2,10,namecheap,,
1687c299-f818-4316-b598-a6457e19c663,SpiritofGod.sucks,premium,,,63,2,13,,,
168b5255-41db-47de-88a9-d2a12778e25b,proxymurder.sucks,available,298,,36,1,12,namecheap,,
168b53bb-3a3e-41dc-8f27-009288e08cd1,pulls.sucks,available,298,,52,6,5,namecheap,,
16f4fd01-8c5f-4ff1-946d-2784026c42b2,getmedieval.sucks,available,298,,70,1,12,namecheap,,
17018da1-2ba1-4756-a3dd-2892f7adfb94,soothes.sucks,available,218.99,218.99,61,2,7,namesilo,,
1729b78f-4ebd-463d-a4c6-46c134976efd,refused.sucks,available,298,,50,4,7,namecheap,,
1746dbb5-0e1e-47db-82b4-7842d8b35dc3,asoflate.sucks,available,298,,56,0,10,namecheap,,
17522d83-1380-4d78-abe6-34126adb193f,grandfathers.sucks,available,218.99,218.99,68,3,12,namesilo,,
175bbf8b-2608-47ad-9449-5c72dc09dd34,buses.sucks,available,298,,58,10,5,namecheap,,
175e02ff-cd2d-4eab-b114-0909d84f1294,solarenergy.sucks,premium,2938.6,2938.6,88,16,12,namecheap,,
176142f3-a24a-421f-9bc2-161a669a5f0a,muttered.sucks,available,298,,56,1,8,namecheap,,
178c5d2c-51cd-4329-8e08-6fadc890fe7e,smirks.sucks,available,218.99,218.99,46,3,6,namesilo,,
17afc85a-c757-4728-8c09-05873f7c6f07,thefixisin.sucks,available,298,,38,1,13,namecheap,,
17b53777-844c-4fd1-8009-88cd95045f53,technicals.sucks,premium,2938.6,2938.6,52,6,10,namecheap,,
17bcd517-6ad6-40ff-a3cd-8255486e47ce,posters.sucks,available,298,,60,13,7,namecheap,,
17c4024b-e352-4d67-be88-fc87b18fe91e,lentils.sucks,available,218.99,218.99,56,4,7,namesilo,,
17d791d0-d158-4139-b75a-80e6f49e8ff8,keepquiet.sucks,available,298,,74,1,10,namecheap,,
17fee19d-1255-4ba9-9f3d-d36bef5fb3a5,cliponnecktie.sucks,available,218.99,218.99,48,1,15,namesilo,,
1805c0cc-11c6-4cd7-aa0c-50b38d25a939,possibilities.sucks,available,298,,52,7,13,namecheap,,
181caeef-ffbb-472c-9b5f-b2792713c15c,motorvehicles.sucks,available,218.99,218.99,42,1,14,namesilo,,
183bcb21-d43b-40c8-bf12-16e6e7564ba7,gonedownthetube.sucks,available,218.99,218.99,30,1,18,namesilo,,
183e47d1-a1da-4b9b-848c-e38505159a4b,nothanksto.sucks,available,298,,58,0,12,namecheap,,
1857110e-0538-45f7-b631-3e7ec99e444d,pairingoff.sucks,available,298,,50,0,11,namecheap,,
185d3cd4-c437-4110-a706-607812bd3063,gobackon.sucks,available,298,,72,2,10,namecheap,,
187cba68-e6ce-4bd0-8e7f-2676420a6a8c,devotions.sucks,available,218.99,218.99,56,5,9,namesilo,,
18cf8f68-4a4d-43be-a1c6-d1eaf5d82e7e,workouts.sucks,available,218.99,218.99,59,8,8,namesilo,,
18da9c19-53f2-44eb-a591-84bfc79810bf,letonego.sucks,available,298,,77,1,10,namecheap,,
18f6b520-54b3-40c9-abdc-e9ff0ddf8ed5,volunteering.sucks,available,298,,74,7,12,namecheap,,
18fe79a9-5c18-42c3-a9e2-2398b567e741,mouths.sucks,available,298,,49,3,6,namecheap,,
192a4bf0-3e96-46dc-a1e3-b8141242746b,coffeeroyal.sucks,available,298,,80,1,12,namecheap,,
1932564d-e797-49ab-b00f-b6239817f891,justthejob.sucks,available,298,,56,3,12,namecheap,,
193cce57-0fa6-4acc-9c66-7dcef2bbe602,rakeover.sucks,available,298,,66,1,9,namecheap,,
194ea421-482b-4e95-b1df-2240e082ae58,singleout.sucks,available,298,,72,1,10,namecheap,,
1957d8a3-4fcb-4ccf-8d72-c53fbf9dfe47,havethebestofit.sucks,available,298,,68,1,19,namecheap,,
196a23f9-2893-48c2-8775-279842f80f80,officemanager.sucks,available,298,,49,5,14,namecheap,,
196f618e-9b56-4f14-b3c9-d7d6a904f8f3,herbsandspices.sucks,available,298,,54,3,16,namecheap,,
197d0f47-ea16-4bc2-b55d-a316a220633c,muscletone.sucks,available,298,,77,2,11,namecheap,,
1987bab5-e6e3-4298-a54a-5859731b7515,tempers.sucks,available,298,,56,2,7,namecheap,,
19ae65d8-5f0d-4686-b4b2-8ccf5b0b54e1,estatetrustee.sucks,available,298,,42,2,14,namecheap,,
19b34296-0c53-4fa5-80bb-f7447302bb96,rioted.sucks,available,298,,44,1,6,namecheap,,
19f17928-66c4-4340-b6d4-b9c2e610b50c,settingup.sucks,available,218.99,218.99,54,1,10,namesilo,,
19fba2e7-3ea1-4715-8544-7fe303db8bc3,watches.sucks,available,298,,84,19,7,namecheap,,
1a03b622-e89d-455f-9e05-05013afd19ca,bloodpressuregage.sucks,available,298,,48,1,19,namecheap,,
1a2d60fc-f0d0-4936-a55d-4b50add3fc74,bloodvessels.sucks,available,218.99,218.99,48,1,13,namesilo,,
1a5eb5f6-87f4-4499-97c3-5ecf22306bfd,inthelongrun.sucks,available,298,,60,2,15,namecheap,,
1a675712-07eb-48b3-8224-be5320314817,passports.sucks,available,218.99,218.99,59,10,9,namesilo,,
1a7c58fd-06ea-49cd-a2bb-c3a151e5056b,grandpas.sucks,available,218.99,218.99,68,4,8,namesilo,,
1a7e3882-12ff-41fa-8b61-3846671853c2,provides.sucks,available,298,,56,5,8,namecheap,,
1ab23cf3-9679-4d0c-add9-2ae980c2dd16,aloevera.sucks,available,298,,80,10,9,namecheap,,
1afe1276-0c4d-4f70-a002-3f28223e4ac1,gotosleep.sucks,available,298,,72,3,11,namecheap,,
1b40ef22-cb11-4d5c-a013-70c4f0533047,disinfection.sucks,available,298,,74,5,12,namecheap,,
1b485906-1bf1-48fe-80fb-236be26f0165,appraisals.sucks,available,218.99,218.99,56,10,10,namesilo,,
1b522a7b-9a82-45ac-9d5d-8d419247a653,manyandvaried.sucks,available,298,,46,1,15,namecheap,,
1b7eb5a6-e177-4365-a96f-9445db71f50e,bearings.sucks,available,218.99,218.99,50,11,8,namesilo,,
1be9536a-82d0-4a9c-8cef-9b0e9c904eb2,nowonder.sucks,available,298,,78,3,9,namecheap,,
1c286e7f-c651-4215-b5db-3403bfe385ea,citizens.sucks,premium,2938.6,2938.6,60,19,8,namecheap,,
1c5d4dfc-67f4-41a8-907e-c30372486bf1,pals.sucks,premium,2658.67,2658.67,77,16,4,namesilo,,
1c9cc1fe-dbfb-4c82-8c08-df4838a1b751,gearup.sucks,premium,2938.6,2938.6,80,16,7,namecheap,,
1ca99d5c-8aab-40bd-8cc2-3152933afabe,strepthroat.sucks,available,298,,68,2,12,namecheap,,
1cadfee7-169b-4644-a6fc-c105f846e3c6,filed.sucks,available,298,,48,7,5,namecheap,,
1cb6375e-90a0-4245-bc94-9a79bd9e95d8,criteria.sucks,premium,2938.6,2938.6,88,10,8,namecheap,,
1cba789e-9a16-4191-8510-ded7d162dd62,accountof.sucks,available,298,,72,1,10,namecheap,,
1cc07c46-069d-4ffd-926f-07c35f63ab56,focuses.sucks,available,218.99,218.99,56,4,7,namesilo,,
1cdf1d4f-234a-41cf-a522-26a1823643f5,manyhappies.sucks,available,298,,72,1,12,namecheap,,
1ce5c6f4-d2fc-418e-9250-eb793c67ecae,doesnotcompute.sucks,available,298,,40,3,16,namecheap,,
1cf43334-3857-42ed-b20a-16087d3c28a5,GodtheHolyGhost.sucks,premium,,,58,1,18,,,
1d091fd4-3949-443d-8ca7-bbc295027b73,patches.sucks,available,298,,53,16,7,namecheap,,
1d1fdc2b-c1a0-41ff-b947-565a450725a3,goforit.sucks,available,218.99,218.99,76,11,9,namesilo,,
1d35d7d3-7f09-4096-9a4e-adc610d35c97,lordsandladies.sucks,available,298,,68,2,16,namecheap,,
1d528184-7f97-4025-ada9-e7a01e0d869e,rarer.sucks,available,218.99,218.99,52,3,5,namesilo,,
1d58258d-d1f5-4222-8f4d-9c7471913fef,neighbourhood.sucks,available,298,,70,14,13,namecheap,,
1d7a73d0-d786-4faf-af60-e3611ed39915,abides.sucks,available,298,,70,4,6,namecheap,,
1d7b1ffb-ff28-4660-bc18-6bbd2a147911,officers.sucks,available,298,,50,5,8,namecheap,,
1d80e3ab-f691-4c91-9a17-2563e885abf7,responds.sucks,available,218.99,218.99,58,3,8,namesilo,,
1d9ad148-12fc-49a1-ae40-44566edb841a,sizes.sucks,available,218.99,218.99,50,5,5,namesilo,,
1d9b17d4-fc85-48c4-9b6b-aff324510cd5,finds.sucks,available,298,,62,16,5,namecheap,,
1d9c36a3-e2cf-401b-87c2-dcebe7fea950,weekends.sucks,available,218.99,218.99,64,8,8,namesilo,,
1da31901-1669-45e4-a8f0-cb0c814f6924,goplaces.sucks,available,218.99,218.99,74,5,9,namesilo,,
1db1594d-7695-4a2a-aae4-ec72e280575a,changethechannel.sucks,available,298,,62,1,18,namecheap,,
1db24b17-5555-4545-865b-1139278d2379,wellmanaged.sucks,available,298,,60,4,12,namecheap,,
1dc1c2b4-d7d1-467a-a644-3e065db1d7b0,likeashot.sucks,available,298,,56,1,11,namecheap,,
1df41f01-64ea-4cde-a5da-e6b094d897bc,demotions.sucks,available,218.99,218.99,46,1,9,namesilo,,
1df5b518-9e1c-4890-98ca-c6060499cc26,asprovidedfor.sucks,available,298,,40,0,15,namecheap,,
1e187ce7-491e-4a29-b580-6d5b632d77f6,amatter.sucks,available,298,,60,2,8,namecheap,,
1e2e2cb2-5bae-497f-ae2c-af7178045e11,goaroundthehouses.sucks,available,298,,60,0,20,namecheap,,
1e500a1b-8969-4e5f-8f2a-eae558a68627,dogsit.sucks,available,298,,96,2,6,namecheap,,
1e553533-fde3-47d3-a195-bb1c87b93f6c,adjectives.sucks,available,298,,50,3,10,namecheap,,
1e5dae2c-37d6-4a6f-bf3b-d2be3d3af834,continentalshelf.sucks,available,298,,60,3,17,namecheap,,
1e5e565d-5cd0-49bb-904b-19e582e62120,difficulties.sucks,available,298,,70,3,12,namecheap,,
1e61211f-cca4-41ea-b014-11794590ed35,inpower.sucks,available,298,,47,10,8,namecheap,,
1e7ae206-ad6e-473f-8a48-f9cc98027389,holdings.sucks,available,298,,52,14,8,namecheap,,
1e8bdc8c-95a6-446d-8070-d9aab68360a9,pomegranates.sucks,available,218.99,218.99,60,4,12,namesilo,,
1e9d077a-7c8e-4e1f-a2b4-148afc6c6b2e,rumcake.sucks,available,298,,81,3,8,namecheap,,
1ecc88de-4b42-4aa4-afae-71d050777df2,finalsalary.sucks,available,298,,66,1,12,namecheap,,
1ecfba06-70e2-467e-806a-b9624d03070c,tunafish.sucks,available,298,,74,3,9,namecheap,,
1ed8c541-9aac-4255-893d-50db8fc3adbd,pipecleaners.sucks,available,218.99,218.99,45,1,13,namesilo,,
1eddc322-2ce3-470b-a57b-9d90ef513cfb,imutation.sucks,available,298,,76,1,10,namecheap,,
1efe008c-d0b8-4182-9fd0-09d3de578879,tapon.sucks,available,298,,48,5,6,namecheap,,
1f0894c6-d008-4eaa-bfc4-eb97e773ec7e,congregational.sucks,available,298,,56,2,14,namecheap,,
1f1642cd-249d-4fe6-bf34-89d60b46e67a,GrandMarnier.sucks,premium,,,70,3,13,,,
1f1a73f3-6cf3-4b87-92f4-9ae00d7ad1aa,ebooks.sucks,premium,2938.6,2938.6,62,19,6,namecheap,,
1f3dd548-060d-4fac-8e98-d9b3bc2ffb00,goingaway.sucks,available,298,,54,1,10,namecheap,,
1f7249bc-ea0c-4257-901b-7ab36cba5413,Christians.sucks,premium,,,62,15,10,,,
1f95d94f-02df-4021-a3c1-e53c7e7d378c,affections.sucks,available,298,,62,2,10,namecheap,,
1fc260ed-9256-4c3d-bccb-0f17bcf9d09d,Walmart.sucks,premium,,,92,94,7,,,
1fc2f21b-f5a9-4f6b-b1e4-99b45f33c298,chickpeas.sucks,available,218.99,218.99,62,3,9,namesilo,,
1fcf1ec5-b778-4b7e-aa16-5cfc43d9198b,commonhousefly.sucks,available,298,,42,1,15,namecheap,,
1ffc5132-4193-4a6b-9226-e23e5a3bf6fa,endconsumer.sucks,available,298,,68,1,12,namecheap,,
200a5909-25c5-425e-a19a-f6dc65c88509,requirements.sucks,available,298,,56,9,12,namecheap,,
201aff7d-d2e8-491b-8990-a19f9c29c271,decoders.sucks,available,218.99,218.99,50,5,8,namesilo,,
202b4ffd-96fa-48f1-9740-ee395b61c6f8,polled.sucks,available,298,,69,3,6,namecheap,,
202c181c-9915-4839-aeeb-c3002f891a63,cucumbers.sucks,available,218.99,218.99,74,4,9,namesilo,,
202cff7d-99cd-4f58-989c-0c8930152131,divorcing.sucks,available,298,,46,6,9,namecheap,,
202e70e4-e812-49fa-9a2a-7f4338a2d3d8,consents.sucks,available,298,,60,4,8,namecheap,,
20452b59-ef71-4425-99db-df023c810404,inspiteofoneself.sucks,available,298,,48,1,19,namecheap,,
207b30c8-8187-47cb-a6e9-50b64571754b,chiefsofstate.sucks,available,218.99,218.99,42,1,15,namesilo,,
20944425-1eb9-47ff-9493-ea48bac54966,goamiss.sucks,available,298,,68,0,8,namecheap,,
20c25831-0a49-438c-85c6-a8f085000e84,videos.sucks,available,298,,52,30,6,namecheap,,
20d76ffc-81c4-4d9e-a521-e5f82e58b9e7,keepitmoving.sucks,available,298,,68,5,14,namecheap,,
20e7d595-4b8d-4f5e-b416-d323b4bc5e72,thumbs.sucks,available,298,,56,7,6,namecheap,,
20f1b432-60a9-444f-a4a2-d033a97e782e,keeptrackof.sucks,available,298,,48,1,13,namecheap,,
2107732c-d73d-4003-b777-17afb8658706,blewup.sucks,available,218.99,218.99,44,1,7,namesilo,,
211c76cb-a1ef-4106-ab91-6a326164e01d,justplainfolks.sucks,available,298,,64,1,16,namecheap,,
212106e1-dfa1-4b52-b9b0-b9f1c27b60ba,SuezCanal.sucks,premium,,,58,3,10,,,
213018d6-ddee-4a4e-bf2d-a8f6bd86fccb,actions.sucks,available,298,,54,15,7,namecheap,,
214ce3ce-41df-476d-8cc4-413d2318f8fc,reads.sucks,available,218.99,218.99,54,10,5,namesilo,,
2157eb9b-66fa-4e0f-bad7-cf5d245e7be7,chiefofstaff.sucks,available,298,,60,9,14,namecheap,,
215aa75b-28c2-4029-a8a2-47916fb680b9,lightupon.sucks,available,298,,72,2,10,namecheap,,
2189089e-36c7-4b87-bd25-69daf014c0c9,costefficient.sucks,available,298,,60,1,14,namecheap,,
2189aad7-1715-4487-b135-b253ef0b6f85,clearstuff.sucks,available,298,,70,1,11,namecheap,,
2192cf77-3c3a-473f-88b0-ee1bcb4ebc16,backstretch.sucks,available,298,,74,3,12,namecheap,,
21945623-268d-472a-953f-f1554183b788,comewith.sucks,available,298,,72,3,9,namecheap,,
219e289b-c13f-4abd-8c12-a748310e2e85,makeovers.sucks,available,218.99,218.99,62,3,9,namesilo,,
21a8d43c-857a-486a-a16a-9348b590f13c,vacationed.sucks,available,298,,62,1,10,namecheap,,
21db04bb-c140-471f-89cb-db47915d26fb,types.sucks,available,298,,54,14,5,namecheap,,
21dc85c1-b871-482a-aa79-9d2db1f788da,scoopout.sucks,available,298,,48,1,9,namecheap,,
21f7d15d-79a8-40df-a36d-a81cecd598f3,restassured.sucks,premium,2938.6,2938.6,82,6,12,namecheap,,
222d683a-8697-4641-8b98-94817909f9eb,makeuseof.sucks,available,298,,58,2,11,namecheap,,
225c2716-abc5-4c46-92c5-7981b54849dd,divas.sucks,available,218.99,218.99,62,10,5,namesilo,,
228685f8-b9f4-4923-86d9-730a447356f5,SanDiego.sucks,premium,2658.67,2658.67,74,29,9,namesilo,,
22a042e5-19fa-49ea-acef-17ac66633d45,spellitout.sucks,available,298,,74,2,12,namecheap,,
22a14e4b-484f-4276-b677-6a1ec686b0b5,officekeeper.sucks,available,298,,45,1,13,namecheap,,
22a3eeb9-5dfa-4178-8f5e-ba31dcb628b5,clients.sucks,available,218.99,218.99,58,20,7,namesilo,,
22a8e9d9-c1a3-49f3-8c69-63e288524b93,cliponmicrophone.sucks,available,218.99,218.99,48,1,18,namesilo,,
22ab751b-f333-4aa7-8124-bcf87d88c0a3,ties.sucks,available,298,,59,9,4,namecheap,,
22ebdd8d-ef09-47a8-ae4c-5c22d97cdf26,commonhippopotamus.sucks,available,298,,66,1,19,namecheap,,
22f0943a-b8fd-44e3-8876-decea25b8c16,disorders.sucks,available,218.99,218.99,46,5,9,namesilo,,
2306bd1e-b9b0-4e59-9d16-198bc992c2f8,flips.sucks,available,218.99,218.99,52,12,5,namesilo,,
230739dc-5289-4eb1-8264-b0d27564e72c,superhero.sucks,premium,2938.6,2938.6,84,23,9,namecheap,,
230d679d-0ce2-4edb-86bb-5af738152d1a,Ryan.sucks,premium,,,60,44,4,,,
23341eec-d754-46c9-9d41-a4ac34ae7558,proportions.sucks,available,298,,76,3,11,namecheap,,
234b823f-b13e-4169-b072-4ae29fbd2259,meals.sucks,available,298,,68,15,5,namecheap,,
23507d6f-b02c-4058-8d2f-96eaeb4e3795,prisms.sucks,available,218.99,218.99,56,7,6,namesilo,,
2368936a-ffd2-4fa3-8f37-3d0b0e9324c9,happiest.sucks,available,298,,64,10,8,namecheap,,
23bbe4fa-3fb2-47cd-bb48-354898d16e11,synchronizes.sucks,available,298,,62,1,12,namecheap,,
23e2766a-6ae3-4199-89a4-00e89e98bb41,parishes.sucks,available,298,,51,3,8,namecheap,,
23eb0e09-5e9f-4067-bd6c-626f98769696,financeindustry.sucks,available,298,,44,1,16,namecheap,,
241b54cc-27b8-4fad-9c37-28d5fb744478,surprises.sucks,available,218.99,218.99,64,4,9,namesilo,,
24249903-67f5-4b4e-b8fa-380c7f7c4292,oaks.sucks,available,218.99,218.99,53,16,4,namesilo,,
243669d8-f8e4-44e2-9cac-99196c85eb5e,perks.sucks,available,298,,62,19,5,namecheap,,
243eb3c2-102e-444f-a02c-61947d040d73,arguments.sucks,available,298,,54,7,9,namecheap,,
246483cd-e106-4ee4-94c1-978b2de3fa74,prizes.sucks,available,218.99,218.99,60,11,6,namesilo,,
2468dd6a-6882-4eeb-b0aa-cf72ce17b7b2,teenyweeny.sucks,available,298,,78,2,11,namecheap,,
248ba0b7-ed2b-4e2d-890d-a8c5d0b4c8b1,replaces.sucks,available,218.99,218.99,55,3,8,namesilo,,
24a8bc67-4776-408f-bd82-9c12e9fd6ae3,accountants.sucks,available,218.99,218.99,50,16,11,namesilo,,
24ab1008-c3f2-4d0c-aad6-b00ae190c8d0,coffeemakers.sucks,available,218.99,218.99,62,3,12,namesilo,,
24c574f9-b9a2-4ce8-9dd6-1b86e2ad1e8a,havethebestof.sucks,available,218.99,218.99,48,1,16,namesilo,,
24d4bcee-e898-43cc-b1c0-eb86d2686f99,commonweal.sucks,available,298,,68,5,11,namecheap,,
24e4404b-e05e-481b-9314-97e371fad22c,FinalFour.sucks,premium,,,82,3,10,,,
24efe417-8f68-4ef2-b9a1-98b5ea9cb9da,chem.sucks,available,298,,74,24,4,namecheap,,
251c05f7-567b-46cf-b4a1-a5a6e297d48b,costprice.sucks,available,298,,70,4,10,namecheap,,
2524e517-f7a2-459e-8776-c107b5c6106d,introspections.sucks,available,218.99,218.99,48,2,14,namesilo,,
2542768e-dc31-404b-8754-6d0eaa9632aa,styling.sucks,available,298,,78,11,7,namecheap,,
2569971f-5c60-420a-81d8-33e56fa46de7,havethefloor.sucks,available,298,,64,1,14,namecheap,,
2578cf1b-5bc7-49f4-b78e-4dd82285b31b,attempts.sucks,available,298,,54,3,8,namecheap,,
259156cc-e1d7-4660-abca-d00b0416874f,getoneoveron.sucks,available,298,,64,0,15,namecheap,,
259e4b2f-7b22-4ea6-8cab-c476254857d3,tobetruthful.sucks,available,298,,46,1,14,namecheap,,
25a452ed-f1ab-48ae-a098-e39f8d3061b7,makeoneselfclear.sucks,available,298,,70,1,18,namecheap,,
25b02f1b-6744-4e9c-a6f1-fd8c6a476e31,takethelead.sucks,available,298,,78,4,13,namecheap,,
25e8b7ca-5adf-4f01-a9cc-2c6ce9d0b311,vetoed.sucks,available,298,,50,2,6,namecheap,,
25ec1e14-c6a5-466b-8c22-25060032414f,bedsheet.sucks,available,298,,78,3,9,namecheap,,
25eed600-00e2-4757-9ca1-e9f1612829ee,rollinginit.sucks,available,298,,46,1,13,namecheap,,
26192728-241e-4fce-bf14-6137a9177982,Idodeclare.sucks,premium,,,58,2,12,,,
263766a3-716d-4a8f-af54-7bad2343bf96,manyandvarious.sucks,available,298,,46,2,16,namecheap,,
26735a40-97e1-4d2b-bb2b-75bbe969fcd7,midafternoon.sucks,available,298,,80,1,12,namecheap,,
26a507d3-0180-4028-8eba-389649e904e5,participants.sucks,available,298,,58,7,12,namecheap,,
26b47fbf-ea34-4007-adc4-f91d74c7390e,deepbreathing.sucks,available,298,,74,2,14,namecheap,,
26ba1468-2c71-408f-99f8-6b6b61970c98,pointofcare.sucks,available,298,,70,4,13,namecheap,,
26c27196-60f7-49c1-addf-a9f16ba9e5df,fellowmelad.sucks,available,298,,62,1,13,namecheap,,
26dc7716-bc42-44bf-b374-1d130a352f42,playlists.sucks,available,218.99,218.99,60,10,9,namesilo,,
26e0af05-adbb-45d2-90da-61eaf5470b7b,blueberries.sucks,available,298,,70,9,11,namecheap,,
26eb9bdd-9fda-4f4c-8112-f3963d05e704,Americans.sucks,premium,,,56,10,9,,,
27222de7-f8df-4c73-bb33-8892c503bb76,daydreamed.sucks,available,218.99,218.99,62,1,10,namesilo,,
274fc249-652e-4616-b4d8-3138de96ebc7,officials.sucks,premium,2938.6,2938.6,49,8,9,namecheap,,
277f8319-2b58-4fd7-9e34-dbab99f74caf,Cheetos.sucks,premium,2658.67,2658.67,76,7,7,namesilo,,
27a3a537-c18e-43b5-9634-06a0bff9b11c,turnsup.sucks,available,218.99,218.99,56,1,8,namesilo,,
27a413ad-223e-4321-b2f3-16be1cba418b,tightened.sucks,available,298,,50,1,9,namecheap,,
27af0dc6-6c6f-4402-94c1-9dc7b69a23c0,mentions.sucks,available,298,,54,9,8,namecheap,,
27d8f04d-828d-4bea-85f2-13e7996244b1,switches.sucks,available,298,,58,7,8,namecheap,,
27eae295-18b7-44e1-89e1-f52e55052f81,howthedevil.sucks,available,298,,40,0,13,namecheap,,
27ed7c13-f765-45c3-b577-053c3f43393a,smarted.sucks,available,298,,53,5,7,namecheap,,
2802f3a0-2596-4c3d-98da-7b92988ecaa7,SouthTyrol.sucks,premium,,,66,6,11,,,
280b2af7-c153-4a4e-a69a-3b1bcaff3d3a,highprofile.sucks,available,298,,70,4,12,namecheap,,
2817b859-3db2-4e57-91a7-653ab25ce09b,resulted.sucks,available,218.99,218.99,46,2,8,namesilo,,
282004e5-48c2-4226-a7bc-1a36739f6f3a,belike.sucks,available,298,,74,7,7,namecheap,,
2844a421-fced-4a92-9922-0fbce1bf1066,makeitcount.sucks,available,298,,72,8,13,namecheap,,
28594b49-a7d6-4939-a11d-95aa23264cb2,costcontainment.sucks,available,298,,42,2,16,namecheap,,
28692d16-7999-485e-aa85-6ecd91bdf553,postbox.sucks,available,298,,72,17,8,namecheap,,
2880f8d5-778d-4e4d-9731-771a35fa8e1a,loops.sucks,available,298,,70,19,5,namecheap,,
28d28890-f638-42fa-a733-69e659b2b2e1,cams.sucks,premium,2658.67,2658.67,52,29,4,namesilo,,
28d2c372-1d52-4d54-a009-ed6ee75e4ba2,comeof.sucks,available,298,,74,1,7,namecheap,,
28e8535a-c458-4f77-93a5-c65ef6d1361b,CyberMonday.sucks,premium,,,78,10,12,,,
28f23a15-a7ff-467d-a343-6bc540793f54,rakeup.sucks,available,298,,66,2,7,namecheap,,
29000267-8182-4932-93b3-0b7a9030f791,asusual.sucks,available,298,,58,3,8,namecheap,,
291c311c-6c87-4b4b-a825-0da7410de9e0,upandaround.sucks,available,298,,60,1,13,namecheap,,
29679a23-ab16-4d58-90fc-4a145553f2a8,cometolife.sucks,available,298,,80,3,12,namecheap,,
296f4020-6d55-4f7c-a6f0-66e7f5c28fb9,recalled.sucks,available,298,,62,4,8,namecheap,,
2975d335-433b-4af9-a390-18ff6fc0a01b,havenosympathy.sucks,available,298,,54,1,16,namecheap,,
2993fafc-730c-486d-a130-cb52be75bf0d,AcademyAwards.sucks,premium,,,68,3,14,,,
2999445b-13d3-48f1-ac6e-e563969d8b23,JollyRoger.sucks,premium,,,82,10,11,,,
29c4b238-5e80-4c69-8f06-3528f2f8a34a,modernschool.sucks,available,298,,48,2,13,namecheap,,
29d37c79-bae2-4b38-a478-b7228c419e75,collections.sucks,available,298,,48,14,11,namecheap,,
29dd4138-d709-420f-aa9f-4c3dceab4a3b,proves.sucks,available,298,,56,3,6,namecheap,,
29e35134-a964-43b8-be2f-57d97802c1bb,goit.sucks,available,298,,76,7,5,namecheap,,
29f70890-7502-46cb-8593-a39214fb1047,midbreakfast.sucks,available,298,,70,1,12,namecheap,,
2a1eb569-a50b-4a62-b8d8-bdf2567266ab,twits.sucks,available,218.99,218.99,46,3,5,namesilo,,
2a20040f-1e8b-475e-97d1-ab4ef5697a44,changeover.sucks,available,298,,68,5,11,namecheap,,
2a2c5f5e-2d96-44b7-8dd6-05d8af059ef1,gofast.sucks,premium,2938.6,2938.6,74,15,7,namecheap,,
2a4d5d57-fecd-44ee-8a1f-b13525da03f6,exchanging.sucks,available,218.99,218.99,50,5,10,namesilo,,
2a59dda5-f7c3-4cf6-a0c8-2d2132452486,gooverboard.sucks,available,298,,64,1,12,namecheap,,
2a7f861d-65a3-491a-ac4f-0fe3ca216f91,peed.sucks,available,298,,54,4,4,namecheap,,
2ac58fb0-3517-49a8-a368-7876945c7796,letlie.sucks,available,298,,72,1,7,namecheap,,
2ac7470c-b09f-48a5-bfd0-bcc68c152655,newsfeed.sucks,premium,2938.6,2938.6,54,8,9,namecheap,,
2acb9a79-b27f-4b0b-aa02-9b13a4075dd5,makewaves.sucks,available,298,,78,8,10,namecheap,,
2ad03c52-46fc-4808-a954-090423985339,Ilostmybag.sucks,premium,,,50,1,13,,,
2ad62307-3095-43c3-a9eb-f920fe300147,coffeesyrup.sucks,available,298,,80,2,12,namecheap,,
2ae5316d-3273-426c-a027-f881cf84eb7f,clipit.sucks,available,298,,76,12,7,namecheap,,
2af80758-a0cc-48e8-accc-50f908ff9636,manytomany.sucks,available,298,,68,2,12,namecheap,,
2afe34ea-c54f-47ba-bb54-b26542ac8bf9,OpiumWar.sucks,premium,,,52,1,9,,,
2b0626cd-5bef-4ca6-9b01-595b6d0cf94e,makethefinalcut.sucks,available,298,,50,1,18,namecheap,,
2b3e187d-dcb4-45bf-ad60-f71169e3a61d,seems.sucks,available,298,,58,8,5,namecheap,,
2b6b0eb8-a499-47cb-a941-546d9f7bb2fd,inwithashout.sucks,available,298,,60,1,15,namecheap,,
2b6eea27-8ef7-4c60-973b-6fd6ea8594ed,chairmen.sucks,available,218.99,218.99,58,3,8,namesilo,,
2b7c084d-43ad-4131-89d8-7c2f28b67820,textmessaging.sucks,available,298,,66,2,14,namecheap,,
2b833808-cda1-4a2c-aa77-59625bab5a03,Trumpcare.sucks,premium,,,63,3,10,,,
2b97d745-67a0-4093-b1e7-33afb1a47794,advantageground.sucks,available,298,,48,0,16,namecheap,,
2bb32038-2c7f-490f-b056-17bcdafb469b,retailed.sucks,available,298,,59,3,8,namecheap,,
2bb5b0c0-d51e-48eb-a334-f477cb8b8d04,questions.sucks,available,298,,78,17,9,namecheap,,
2c3d7953-1ac9-41a4-92e2-23f93b91696c,wellbuilt.sucks,available,298,,78,7,10,namecheap,,
2c46e993-043a-4751-89e8-722cb27132ac,piledup.sucks,available,218.99,218.99,52,1,8,namesilo,,
2c5bd752-7fb4-4e7f-aa90-52d50f84cab6,entered.sucks,available,298,,50,4,7,namecheap,,
2c5bfdb8-642b-4d3f-a9f3-30326e5e3c58,gonumbertwo.sucks,available,298,,40,1,13,namecheap,,
2c6381cb-fec2-4514-b2eb-c1e4d5e270b6,getwet.sucks,available,298,,74,5,7,namecheap,,
2c6e9188-4c58-4bce-a8d2-0b3db1bdfe71,righted.sucks,available,218.99,218.99,55,2,7,namesilo,,
2c72938b-5bb9-44b0-9ddc-9204162006e0,getupto.sucks,available,298,,74,2,9,namecheap,,
2c95348e-53f2-42d5-8bdc-0ce78a38f77d,fonts.sucks,available,218.99,218.99,58,17,5,namesilo,,
2ca8c8ee-3e57-4df2-bf0c-e6244d78c980,tonedown.sucks,available,298,,72,1,9,namecheap,,
2cb9d67e-5c55-4210-a9c2-e7b0dc5717b3,furthermore.sucks,available,298,,68,7,11,namecheap,,
2cc35114-e5eb-4f02-a441-7183fb884161,pardonme.sucks,available,298,,62,4,9,namecheap,,
2d1e2c59-5652-4117-9b9a-69419c13e0a5,coffeeand.sucks,available,298,,76,4,10,namecheap,,
2d31a543-e955-445d-ae0b-dfa14e87116e,comes.sucks,available,298,,70,8,5,namecheap,,
2d7dd6be-bbb5-45c3-9219-92fe0f1a9b46,waxpaper.sucks,available,298,,66,2,9,namecheap,,
2d999288-a187-42c3-9eb7-5316cff064d4,sexlife.sucks,available,298,,74,6,8,namecheap,,
2dbd6f2f-d992-4fd3-b078-c006768ab4d4,teaspoons.sucks,available,218.99,218.99,56,3,9,namesilo,,
2df3e708-5ad9-40a4-b51f-aaef2dd0ae03,grayest.sucks,available,218.99,218.99,50,1,7,namesilo,,
2e0a40ea-a94e-4106-856e-6c856726620a,highsugar.sucks,available,298,,52,1,10,namecheap,,
2e1466db-3e9e-4a36-9aa3-a47295c351c1,silhouettes.sucks,available,218.99,218.99,52,5,11,namesilo,,
2e58459f-94aa-4c47-b219-dd31e1816682,retrieved.sucks,available,298,,57,3,9,namecheap,,
2e584fb5-5cfd-40b6-9c55-9d6310d97b17,oars.sucks,available,298,,56,6,4,namecheap,,
2e675762-a59c-4b20-a7a2-235b6711ec13,busoperator.sucks,available,218.99,218.99,50,2,12,namesilo,,
2e834ac8-7816-4f53-8d2b-7d198613ec4b,synthesized.sucks,available,298,,57,3,11,namecheap,,
2e9514a6-a584-45e6-a642-2de84889a61b,proofs.sucks,available,298,,55,13,6,namecheap,,
2e9a90ef-0ed4-4b84-b422-425b1fd75800,explanations.sucks,available,298,,50,2,12,namecheap,,
2e9f7087-90a8-4f98-849f-e08cb273c960,eachtime.sucks,available,218.99,218.99,56,2,9,namesilo,,
2ea2d13b-c2ea-4484-a5c4-097916a44966,expects.sucks,available,218.99,218.99,50,3,7,namesilo,,
2eaf69be-1888-461c-a8d3-6790e2c78c0b,treatof.sucks,available,298,,72,1,8,namecheap,,
2ef7f811-fa1a-4b17-ad66-72e51e69a076,stitches.sucks,available,298,,46,10,8,namecheap,,
2f16730d-35f1-4a3d-b00b-9631f5cfda5c,commonmeter.sucks,available,298,,68,1,12,namecheap,,
2f1de8d3-697d-43e8-81a6-79361f672a8e,privatelife.sucks,available,298,,78,4,12,namecheap,,
2f687a60-fb17-4ebe-a68f-a6f450d41193,aspertheusual.sucks,available,298,,40,1,16,namecheap,,
2f8558f1-dd01-4b21-a297-0bf9e07ebb9e,Vehicles.sucks,premium,,,49,13,8,,,
2fc51e10-313c-4166-9879-6e3953f6f95f,clearthrough.sucks,available,298,,44,0,13,namecheap,,
2fd87628-9805-4bea-8189-876f5296fea6,counterfeits.sucks,available,218.99,218.99,40,2,12,namesilo,,
2ffd1d3b-f7cd-45f9-8352-04b0eb4d2c76,ventilators.sucks,available,218.99,218.99,48,4,11,namesilo,,
30190ad7-c872-4078-bc9a-3de7bb404490,sweeps.sucks,available,298,,51,12,6,namecheap,,
301d1860-98f0-40a7-9e91-aaa5f55b16f9,promised.sucks,available,298,,76,6,8,namecheap,,
3040c314-a31a-4a2a-b9c3-640d84728c52,dogsledmail.sucks,available,298,,94,0,12,namecheap,,
305ddb86-564c-4276-a670-cde5c6f01e2a,summarizing.sucks,available,298,,46,2,11,namecheap,,
3060712e-d020-4a14-9066-380fd7c66cb9,fellowing.sucks,available,218.99,218.99,52,5,9,namesilo,,
30659722-204b-4556-9bc4-cd9e97d495d0,alcoholintoxication.sucks,available,298,,48,1,20,namecheap,,
306e76cf-ca81-401d-827a-f5d8ef959bc2,budgets.sucks,available,298,,60,7,7,namecheap,,
307482d3-6f16-4e8b-9b30-b9fdeae56c16,establishedorder.sucks,available,298,,60,1,17,namecheap,,
3090fdff-806b-49e9-a8cc-32d8bf58e453,getthegreenlight.sucks,available,298,,52,1,19,namecheap,,
30a460e8-88b2-456a-82a4-f5525a94842b,doesone.sucks,available,298,,52,0,8,namecheap,,
30a81245-5c77-40cf-90fd-1e4dfe07a1ad,seemed.sucks,available,298,,58,4,6,namecheap,,
30ad6152-cdbf-42c6-b099-e0ca4483bdda,squalls.sucks,available,298,,44,2,7,namecheap,,
30b6436a-c9b7-4862-b33d-9cb4c9ee53b4,swishing.sucks,available,298,,74,3,8,namecheap,,
30be5aaf-6337-4bfd-8b7f-73d077c6f7fc,hostesses.sucks,available,218.99,218.99,56,3,9,namesilo,,
30e04779-4454-49e4-8e25-7d7c5fb7b480,OrangeCounty.sucks,premium,,,66,11,13,,,
30e988a8-10de-4478-9216-0122929c905b,boilingpoint.sucks,available,298,,60,3,13,namecheap,,
30f8006b-adf8-4a7b-b1dc-6e59d9dcae6d,commonleopard.sucks,available,298,,46,0,14,namecheap,,
310b94ee-b342-43d4-9b01-dee57b3e8e92,wears.sucks,available,298,,62,7,5,namecheap,,
311a41c2-2e18-49e2-b5a1-56c035fbf2f1,overcasted.sucks,available,218.99,218.99,48,1,10,namesilo,,
312f64e4-6181-488a-b0e8-aa815b99dff8,windmills.sucks,available,298,,61,5,9,namecheap,,
314a3a7c-2c4b-4910-83ce-4a847650de07,enterthelists.sucks,available,298,,62,0,15,namecheap,,
3158207a-d7c4-4ac8-a28a-96705811aefe,paradoxes.sucks,available,218.99,218.99,70,3,9,namesilo,,
3160df83-daca-45e8-a477-c94641dedff3,arrived.sucks,available,298,,50,12,7,namecheap,,
3168b958-85fd-42d1-838e-4ca66a189279,comeondown.sucks,premium,2938.6,2938.6,76,1,12,namecheap,,
31739d1a-c881-4292-8133-30cd6d4eba7f,paparazzi.sucks,premium,2938.6,2938.6,71,12,9,namecheap,,
319cb002-b0ed-4a71-8e6e-115660b9daeb,oaktrees.sucks,available,218.99,218.99,56,3,9,namesilo,,
31b9a8f0-1d18-442d-86e3-72cd202e93e1,webmasters.sucks,available,218.99,218.99,52,12,10,namesilo,,
31bebffc-6816-433d-8c26-c55d06387f7b,photographers.sucks,available,218.99,218.99,47,10,13,namesilo,,
31c2014e-109e-4ac0-9be5-748f686bbe5e,votes.sucks,available,298,,60,11,5,namecheap,,
31e63f63-aca2-448a-93e6-896e46137fa6,notleast.sucks,available,298,,62,1,9,namecheap,,
321067d6-115d-47cc-9400-ea1255799261,coffeesenna.sucks,available,298,,80,1,12,namecheap,,
3212225b-c72b-4041-959a-a37174025740,cycles.sucks,available,218.99,218.99,52,13,6,namesilo,,
322ec2da-bd4b-4301-a4c4-8c0dc2b5d56a,orders.sucks,available,298,,60,19,6,namecheap,,
3253d2c6-f3ad-486e-9810-793be85e8f07,estateagency.sucks,available,298,,42,4,13,namecheap,,
325ec4f9-6584-436b-b843-59d0ea0319fb,pounds.sucks,available,298,,58,7,6,namecheap,,
327d1913-857c-482d-a231-cb0b28dfca72,leavetown.sucks,available,298,,58,1,10,namecheap,,
32c6aca3-ed4f-46d2-b070-1c6b256db677,getthehangof.sucks,available,298,,71,1,15,namecheap,,
32d08392-0b16-4b33-8a64-079f02c9a427,commonyears.sucks,available,218.99,218.99,54,1,12,namesilo,,
32e755b1-d223-49a3-82b1-cfac3e076e7e,fittest.sucks,available,298,,58,7,7,namecheap,,
32f3c315-e567-4f7f-8509-35cefbe3bd7e,hasto.sucks,available,218.99,218.99,56,3,6,namesilo,,
32fcd321-67b4-45a2-97ff-ff4a278ea927,oppositions.sucks,available,218.99,218.99,48,2,11,namesilo,,
33286de2-38e7-4662-8a19-9f356c0dc96c,cometogrips.sucks,available,298,,62,1,13,namecheap,,
335f9ddf-2fbf-48ec-87e2-eefa43d7c304,flaxcotton.sucks,available,298,,56,0,11,namecheap,,
3376f76e-f006-4422-8c36-8ccf46c7f3fd,behindschedule.sucks,available,298,,38,1,15,namecheap,,
339d0031-fb77-4dd2-8681-5d34241cda78,dataflow.sucks,available,298,,70,16,9,namecheap,,
33a056a9-2e56-4f62-87ee-51d7a81b1489,taller.sucks,available,218.99,218.99,54,10,6,namesilo,,
33c17be0-8a4f-400b-9f4b-ce641d52d6ac,tendered.sucks,available,298,,53,3,8,namecheap,,
33d5f6d0-8e19-4f90-a295-9e5274d9b6c0,sanctions.sucks,available,218.99,218.99,52,8,9,namesilo,,
33dd8acb-23f5-47ed-b675-fca3dc3633ed,surfacemail.sucks,available,298,,67,1,12,namecheap,,
33f188f3-2c2a-490c-9b11-c5a8baf446fa,dropsoff.sucks,available,218.99,218.99,52,1,9,namesilo,,
33f21126-9515-48a3-8614-ab9054db9f02,reached.sucks,available,298,,62,7,7,namecheap,,
3402f4a0-610a-4250-8a6c-7b9620adf062,highspirits.sucks,available,298,,76,8,12,namecheap,,
3457e1c1-2c52-4feb-bc69-abcd45abe0f1,parkin.sucks,available,298,,59,8,7,namecheap,,
34600e35-b4e7-4fde-a54a-820bc112d7b1,ratings.sucks,premium,2938.6,2938.6,53,19,7,namecheap,,
348c7429-315b-45bc-842a-262f6623c5f4,promotions.sucks,available,218.99,218.99,64,14,10,namesilo,,
34e3273b-7c04-4002-8e55-cca2feedb138,intheprocess.sucks,available,298,,52,1,14,namecheap,,
34fa77d6-edb3-4af3-98db-0c28b897435e,gonowhere.sucks,available,298,,62,2,10,namecheap,,
35004d56-5707-4a25-b143-d3e7c1363736,godowninhistory.sucks,available,298,,68,1,18,namecheap,,
350f83f7-2435-4170-8436-deac46debf4f,penandpaper.sucks,available,218.99,218.99,64,7,13,namesilo,,
3526d8bb-82b3-4aa0-9e71-f746e79b8d9d,herds.sucks,available,218.99,218.99,50,7,5,namesilo,,
352aed76-2d14-4744-b268-c016361478e3,sticks.sucks,available,298,,60,11,6,namecheap,,
35302355-98ea-44ea-82c5-10dea97c5eac,woes.sucks,available,218.99,218.99,46,4,4,namesilo,,
353e6be2-28cd-46d9-806a-26ae454a76a9,conducted.sucks,available,298,,54,2,9,namecheap,,
35434391-1942-4c36-94fe-b05899c3392a,offenses.sucks,available,218.99,218.99,40,2,8,namesilo,,
355efdf8-3cb7-4c9d-8b60-e466d2fb1022,scanners.sucks,available,218.99,218.99,53,7,8,namesilo,,
35803f34-ec02-4d94-b6b0-edd6ddc83e2e,requesting.sucks,available,298,,49,5,10,namecheap,,
35be0ac8-60c7-47cb-9917-1a83fccc73b0,pairofstairs.sucks,available,298,,65,1,14,namecheap,,
35f665a6-bd27-4b95-b2ae-5d4c5834d279,keyrings.sucks,available,218.99,218.99,56,3,8,namesilo,,
35f9c1b9-20dd-45bc-be6f-0b5dff3c4be1,divinegrace.sucks,available,298,,68,3,12,namecheap,,
35fd00e9-df52-471b-8dd0-500d94604489,gonowherefast.sucks,available,298,,50,1,15,namecheap,,
3606dd13-b824-4698-b09e-718aa477930f,makeupkiss.sucks,available,218.99,218.99,67,1,12,namesilo,,
36102b81-8655-461d-a180-06c7e97399e5,letoneoff.sucks,available,298,,77,1,11,namecheap,,
36365009-acd5-4446-b7af-bec6eecf1951,arrives.sucks,available,218.99,218.99,50,3,7,namesilo,,
3637501c-c747-4212-bd56-174ff034a23c,CatholicChurch.sucks,premium,,,70,5,15,,,
363eeac8-eec8-49e3-9cb3-e16ade8304ad,quitting.sucks,premium,14700,14700,54,4,8,namecheap,,
36596c35-1390-4b05-9f27-743e3696ccde,Tools.sucks,premium,,,56,40,5,,,
36729cb2-4daa-4a1e-b0dd-c9ca29cda0a4,communitycolleges.sucks,available,218.99,218.99,54,2,18,namesilo,,
367e14e6-4553-4aab-afe8-4fe212e56290,specialness.sucks,available,298,,70,1,11,namecheap,,
3684ca1d-54d2-437a-9c99-a6c1800da2fc,accountspayable.sucks,available,298,,62,4,16,namecheap,,
3685d275-5f27-4e8e-9c28-9e164532bb6f,poems.sucks,available,298,,58,9,5,namecheap,,
36b2501d-ad3f-496d-8351-8dab25f7e9ef,songbirds.sucks,available,218.99,218.99,64,6,9,namesilo,,
36e4da7c-d2f4-4854-a7ff-578b6780fdcf,letsomeonehaveit.sucks,available,298,,67,1,19,namecheap,,
36fa6952-b820-4802-86d0-2336acfad30e,hitormiss.sucks,available,298,,66,3,11,namecheap,,
36fd51a5-6f03-4fd3-aa8b-082b0bbde9da,videogames.sucks,premium,2938.6,2938.6,66,18,11,namecheap,,
370106ee-ae04-466a-bb4d-2fe1d188c47f,landedestate.sucks,available,298,,42,1,13,namecheap,,
370259c7-f934-4232-80ff-88264fe666d2,setto.sucks,available,298,,72,6,6,namecheap,,
37147ffe-9787-4fdf-a1f2-03af9d97de86,PennStation.sucks,premium,,,63,3,12,,,
3717879e-c044-4560-89f2-e8668deae496,temporarily.sucks,available,298,,62,4,11,namecheap,,
372dc1e9-610c-4f15-844b-dbf1138258bc,ElNino.sucks,available,298,,66,8,7,namecheap,,
373c0c10-b2a6-4ea4-87a4-4055fa5ffb7e,guns.sucks,premium,22050,22050,68,22,4,namecheap,,
3740e895-50c1-48a3-82d0-a74611af1874,setthescene.sucks,available,298,,68,3,13,namecheap,,
3741d6d2-37d1-4cfe-a866-23c194af6b58,favours.sucks,available,298,,66,4,7,namecheap,,
37a00241-6c12-4530-8fc5-8ffc6d43feed,datafeed.sucks,available,298,,70,7,9,namecheap,,
37c90a7c-5ec6-4cd5-ae93-6cde05f06f9f,pickupline.sucks,available,298,,76,2,12,namecheap,,
37fdd686-d37b-47e5-b133-da7b1df87861,says.sucks,available,298,,58,10,4,namecheap,,
380697b7-9d31-4700-b759-0a170e9c17df,sexualassault.sucks,available,298,,43,3,14,namecheap,,
3852807a-0798-4cee-b360-e9ca8d4d8549,draws.sucks,available,298,,65,6,5,namecheap,,
38576684-177d-452b-b2f5-f19c9f07a011,plated.sucks,available,298,,66,11,6,namecheap,,
386f46f1-db7a-4f11-a240-4e6029d936b8,platepaper.sucks,available,298,,66,0,11,namecheap,,
3880e944-0c48-4bbb-8d8a-505645651769,herbaltea.sucks,available,298,,80,5,10,namecheap,,
3885614f-2fba-421e-a719-23bc346379eb,chestnuts.sucks,available,218.99,218.99,54,5,9,namesilo,,
38b6aa76-0d43-469c-923b-44bcf9c5c586,officecleaner.sucks,available,298,,41,1,14,namecheap,,
38ba0ec7-fa92-4541-be4f-a4cde2e8b4e9,gooutwithabang.sucks,available,298,,66,1,18,namecheap,,
38c4c4c8-7ec6-45f8-b3f0-921a57a51d45,herbbutter.sucks,available,298,,80,1,11,namecheap,,
38c73bd8-1fbf-4d70-889c-3d449e888dbf,complaints.sucks,available,298,,40,9,10,namecheap,,
391e83ce-4942-49e8-a961-d7675507063e,goalongwith.sucks,available,298,,70,1,13,namecheap,,
39494d67-8cc3-4f7c-9e51-34edadd58a9c,outofmyway.sucks,available,218.99,218.99,34,1,13,namesilo,,
395b4061-b2ab-4204-ba4c-5cd112631cf7,sameoldstuff.sucks,available,298,,34,1,14,namecheap,,
397d3542-8f85-40a0-a4ef-d4a9e00db3e3,advertisements.sucks,available,298,,54,7,14,namecheap,,
398e8c1c-c2df-47ee-ba1b-859bf57ea486,transported.sucks,available,298,,61,4,11,namecheap,,
39925c0a-e422-410a-a0dc-f400898dfeae,keepsomebodyposted.sucks,available,298,,46,0,20,namecheap,,
39b24724-53f1-4ed3-932b-03a32e8d3b83,CocaCola.sucks,premium,,,92,82,9,,,
39bb3a20-c411-48c7-bb22-18c9abead57a,cheeseontoast.sucks,available,298,,64,1,15,namecheap,,
3a28cf93-5aa9-46a0-b26d-11a10ba76cf0,thundered.sucks,available,218.99,218.99,49,2,9,namesilo,,
3a449fa3-4c41-4775-856c-c0d4a2764cbf,Gmail.sucks,premium,,,84,96,5,,,
3a479ad1-2412-47e9-8425-e5dc186f369c,ambitions.sucks,available,218.99,218.99,64,7,9,namesilo,,
3a7145c8-7364-48a8-a46d-c0855bb5a037,busfare.sucks,available,298,,70,1,8,namecheap,,
3a7d558a-9984-4144-948f-807327adea59,asperyourrequest.sucks,available,298,,48,1,19,namecheap,,
3acb2c8f-77ed-43ec-8dfa-30b1bf325c2b,salts.sucks,available,218.99,218.99,56,7,5,namesilo,,
3ad1d8cc-a4e0-485d-aaa5-8bb022d14244,havenoidea.sucks,available,298,,74,1,12,namecheap,,
3ae1328a-982f-423e-a24b-2931f68ee9a6,planes.sucks,available,298,,67,13,6,namecheap,,
3af05629-5b23-4a4d-ae63-08c1701e11e1,onstage.sucks,premium,2938.6,2938.6,64,14,8,namecheap,,
3af86a3b-f0ec-4355-b2b3-68fdd3b224c6,compilers.sucks,available,298,,56,4,9,namecheap,,
3b2efcc1-1ff3-4061-8d96-0b0b4642e767,relics.sucks,available,298,,52,7,6,namecheap,,
3b3e08dc-4aef-4de8-b156-c5b4df5cf2c0,dancers.sucks,premium,2658.67,2658.67,64,9,7,namesilo,,
3b432c1d-454a-4521-bf18-d4c43dead17f,niggers.sucks,available,298,,37,13,7,namecheap,,
3b4a5415-9a93-49a3-944d-489505000bb4,teams.sucks,available,298,,62,32,5,namecheap,,
3b715493-5618-45c4-aae2-6f32c315d028,primes.sucks,available,218.99,218.99,56,13,6,namesilo,,
3b8ecb7c-f638-4e24-a35c-0e8522de30c0,learns.sucks,available,218.99,218.99,60,8,6,namesilo,,
3ba904bb-69c4-4d87-bdc4-e77e9d8800ea,haveto.sucks,available,298,,78,3,7,namecheap,,
3bb2ab88-97f1-46b8-a379-7b74a87bae66,CountyofSussex.sucks,premium,,,44,2,16,,,
3bd01ef5-6a0e-4773-93b4-19677b781aa6,getupandgo.sucks,available,298,,70,3,13,namecheap,,
3be0476f-f482-40e5-83f7-e6dddaa61c7f,sacks.sucks,available,298,,59,8,5,namecheap,,
3bec1f1f-3e7b-4031-b49c-73a8284ed39e,gothewholehog.sucks,available,298,,62,1,16,namecheap,,
3c0139f9-0d49-4b93-9b55-caa706ef91c3,remembrances.sucks,available,218.99,218.99,51,2,12,namesilo,,
3c04e611-0f74-43aa-9341-033b02dac2df,flightattendants.sucks,available,218.99,218.99,40,2,17,namesilo,,
3c1dd218-e9cb-4979-9140-8d9e17cc4d6a,trials.sucks,available,298,,48,12,6,namecheap,,
3c300bc4-5102-4aec-a7f3-915aac5521b1,fundamentalism.sucks,available,298,,58,2,14,namecheap,,
3c4ff66a-2923-4abd-909d-c0020f497ab9,regionalism.sucks,available,298,,64,1,11,namecheap,,
3c62da95-f726-4ecf-bdbc-02a422127039,ambulances.sucks,available,218.99,218.99,58,5,10,namesilo,,
3c8cc8db-21ac-4048-af9c-16b330dd9eda,wipes.sucks,available,218.99,218.99,56,8,5,namesilo,,
3ca318b3-e58f-4754-bb2f-74b0884dc5b3,gofar.sucks,available,298,,76,10,6,namecheap,,
3cb939f6-0cb1-4bae-a9fd-cc5bd403a605,fasttracked.sucks,available,218.99,218.99,56,1,12,namesilo,,
3cd2fa38-8edb-4e4a-900d-e6221a43d816,chickenofthesea.sucks,premium,2938.6,2938.6,68,2,18,namecheap,,
3cd42f12-39c8-4ad7-83ce-39708cbaab2e,IamHIVpositive.sucks,premium,,,44,1,17,,,
3cd547b4-ae13-4796-8d32-12f09b00f7eb,movefurniture.sucks,available,298,,68,1,14,namecheap,,
3cdf9e61-2c2c-485b-a02d-68a0a19531d4,commonpractice.sucks,available,298,,66,4,15,namecheap,,
3ce0808b-5cff-404d-907e-8097a512ed52,tartarsauce.sucks,available,298,,76,2,12,namecheap,,
3d091e39-363a-4d8b-b2ea-3a0a2ac6d2ff,specks.sucks,available,218.99,218.99,44,5,6,namesilo,,
3d0e08af-12a0-47cc-8c57-88275f4b2718,IsleofThanet.sucks,premium,,,52,2,14,,,
3d0fad71-e8db-491d-a4d1-7e06b719c346,sideburns.sucks,available,298,,76,3,9,namecheap,,
3d138930-a310-4c2e-b8b8-0eb5bc5ad6a2,costcutting.sucks,available,298,,64,3,12,namecheap,,
3d1490a0-1776-4401-a385-03915a98b35d,Iputittoyou.sucks,premium,,,50,1,15,,,
3d2810a1-0e8f-4d4d-920e-47ca900b3ef1,speakers.sucks,available,298,,66,12,8,namecheap,,
3d41d8d5-20fa-4f07-8a73-b187fd1b1519,IsleofPortland.sucks,premium,,,52,2,16,,,
3d50e795-858c-49a0-9ed4-b1104338afbd,manyhappyreturns.sucks,available,298,,46,2,18,namecheap,,
3d54df32-1726-410d-be11-8174b03c6a89,phones.sucks,available,218.99,218.99,76,19,6,namesilo,,
3d57cb35-66b2-473b-a64c-ffe61c369a7b,havenots.sucks,available,298,,60,5,9,namecheap,,
3d58298b-b134-4cce-a7dd-88a66ac6896a,beans.sucks,available,298,,74,20,5,namecheap,,
3d802fd2-336c-4148-8444-0a2503548e7d,accountpayable.sucks,available,298,,62,2,15,namecheap,,
3d9b9f79-0afc-4852-9cc9-f02c19d00186,turnedon.sucks,available,298,,52,3,9,namecheap,,
3da920bc-d8f0-4368-be7b-d470e7be5beb,havingamoment.sucks,available,298,,40,2,15,namecheap,,
3daca619-c3f4-4b79-908c-bf9b2b76904d,soups.sucks,available,218.99,218.99,56,6,5,namesilo,,
3dafa420-4de3-44b6-add8-e3ba7a806cd5,gingerbreadcookie.sucks,available,218.99,218.99,52,1,18,namesilo,,
3dc216f9-cb34-4d61-9586-c23fb6d8160d,jewels.sucks,available,298,,80,15,6,namecheap,,
3dc4b17e-17ab-43b4-ac8f-cfd5db71b332,goape.sucks,premium,2938.6,2938.6,76,5,6,namecheap,,
3de2510c-100b-4292-9d30-6b5f29aac991,establishments.sucks,available,218.99,218.99,42,3,14,namesilo,,
3de556c7-ba5d-4916-a206-9464ab60290f,portholes.sucks,available,218.99,218.99,46,2,9,namesilo,,
3df6ae85-e6d2-493a-8b1b-b0fa7e4031bf,reps.sucks,available,218.99,218.99,73,16,4,namesilo,,
3dff2df5-19d8-4f3b-ab12-6397786b220a,makeupsex.sucks,available,218.99,218.99,56,2,11,namesilo,,
3dffeaeb-2a83-4eac-a5fd-127b209b34e2,keepfit.sucks,available,298,,86,9,8,namecheap,,
3e0332e4-d649-410b-896d-022365554301,commonterm.sucks,available,298,,68,1,11,namecheap,,
3e1d058c-dace-48b7-9b7f-e8227b897048,godown.sucks,available,298,,74,5,7,namecheap,,
3e38ebfc-da8b-4c1d-a5ee-4afe27080784,reprimanded.sucks,available,218.99,218.99,42,1,11,namesilo,,
3e65afc0-d80b-4749-ac2d-12212ea5acd0,chickenliver.sucks,available,298,,64,1,13,namecheap,,
3e80295e-2b04-4d08-8d8c-d8bff4f5a179,LordMayors.sucks,premium,,,58,2,11,,,
3e9257b0-6d82-47b2-9dfa-a50cbcc37b08,defaults.sucks,available,218.99,218.99,44,7,8,namesilo,,
3ea65622-8ad8-427c-9009-ca6cd11006de,referto.sucks,available,298,,66,3,8,namecheap,,
3ea6d98a-e333-4169-92f2-3959ffd6e116,poured.sucks,available,298,,56,4,6,namecheap,,
3eb6442f-30b6-4d53-9f12-fa9bc65838b0,excites.sucks,available,298,,50,2,7,namecheap,,
3ef03059-d637-452c-a6f2-9ce37af5e906,lookouts.sucks,available,298,,52,3,8,namecheap,,
3f0f4a6a-ccab-4fbf-a313-afb42d44aa86,mentioning.sucks,available,298,,52,2,10,namecheap,,
3f2a1e63-8996-4593-afc1-d2324d128e13,electricalpolarity.sucks,available,298,,59,0,19,namecheap,,
3f4553ce-7740-4d67-88ad-79c218d60447,goingover.sucks,available,298,,72,1,10,namecheap,,
3f727312-3d84-4f8d-bd0f-15acd5e27fe5,plays.sucks,premium,2938.6,2938.6,56,16,5,namecheap,,
3f78901a-06b1-43f3-845d-ee4340c823ce,filings.sucks,available,298,,48,8,7,namecheap,,
3f7a37c4-a81c-4c75-a35c-af0f101b97c7,slipoff.sucks,available,298,,65,1,8,namecheap,,
3f93c453-5182-4928-87e9-f1c5eb51632b,goround.sucks,available,298,,68,3,8,namecheap,,
3fc578fa-7ebd-40c8-b937-301626f5fa18,sentiments.sucks,available,298,,56,6,10,namecheap,,
3fd9872f-ddba-41a7-be6b-935eeed7d1d4,godark.sucks,available,298,,68,5,7,namecheap,,
3fde3221-8d43-4a29-b94b-5e5ff8400d09,sportsperson.sucks,available,298,,77,2,12,namecheap,,
4012602d-7b78-4b6c-9d08-a2b6ac20f33b,demoting.sucks,available,218.99,218.99,46,1,8,namesilo,,
4041f14f-dd15-4953-ad85-efa87cb87aef,getpastoneself.sucks,available,298,,62,0,16,namecheap,,
40476cbe-6efc-43e0-bd7f-feb91be640b8,makings.sucks,available,218.99,218.99,70,3,7,namesilo,,
4069c337-1e6d-4a91-99e6-e6b9b211e84e,Jim.sucks,premium,,,78,28,3,,,
40be4292-cc87-4c49-82f9-a9be28c8a1ae,keepfaith.sucks,available,298,,82,3,10,namecheap,,
40ebab9e-bcea-49e3-964f-e0888a98bebc,lists.sucks,premium,2938.6,2938.6,60,14,5,namecheap,,
40f2a3e8-ab95-427b-b566-0abf82cf8414,factories.sucks,available,218.99,218.99,54,7,9,namesilo,,
413ab2ad-ef91-4185-84c3-60d4d5cdeedc,granddaughters.sucks,available,218.99,218.99,60,1,14,namesilo,,
414cd232-a40b-4edb-bc07-1b989bd5f9b2,timbertruss.sucks,available,298,,54,2,12,namecheap,,
416dbbfa-2d0b-4aa3-9ba0-8b09688d53f2,thickens.sucks,available,218.99,218.99,48,1,8,namesilo,,
4181950b-3c56-4b4e-8013-c4216c931693,loans.sucks,available,218.99,218.99,58,24,5,namesilo,,
418647e0-d123-4688-8b5d-0771a310e62c,slots.sucks,premium,2658.67,2658.67,49,31,5,namesilo,,
419884e2-c49e-4d50-8fcd-4ff80f17f82c,breastaugmentation.sucks,available,298,,66,5,19,namecheap,,
41a2016b-e376-4288-b68c-c7d0acf9ef9e,chiefofstate.sucks,available,298,,60,1,14,namecheap,,
41b4f17c-4842-4dd2-84a8-ee1a9f9358eb,drycleaning.sucks,available,218.99,218.99,74,9,11,namesilo,,
41b6c9b1-89d6-4834-9af6-46c21a055e70,getover.sucks,available,298,,79,4,8,namecheap,,
41d5626d-88dc-4a49-b053-9c10d107816f,televised.sucks,available,218.99,218.99,72,3,9,namesilo,,
41e2845b-c870-4653-b0fe-f7df3123e325,elects.sucks,available,218.99,218.99,56,4,6,namesilo,,
41ea0344-7739-427a-8cc9-b9dcaf1f5aed,diehards.sucks,available,218.99,218.99,48,3,8,namesilo,,
41f77b79-26f2-48de-8fcb-408c283d3d6d,gopast.sucks,available,298,,68,0,7,namecheap,,
42004f57-867f-4205-9428-670f64fb83d4,iftruthbetold.sucks,available,298,,54,1,16,namecheap,,
422b9329-ecce-4858-87e8-4a65c35d98fa,findingout.sucks,available,298,,58,2,11,namecheap,,
423f65e7-ea63-4972-85ac-6ac3ca13cee8,faintest.sucks,available,218.99,218.99,56,1,8,namesilo,,
424148fd-848f-4846-ac38-28bde5912291,maketheheadlines.sucks,available,298,,72,0,18,namecheap,,
42564b01-c75a-42a7-84c7-678b93c8395e,trussmember.sucks,available,298,,50,1,12,namecheap,,
425a6d70-b299-480f-bcdb-17c972015ecf,reflexes.sucks,available,218.99,218.99,55,4,8,namesilo,,
426177e7-d911-4bc4-9fe8-c8aec1edc28a,overwhelmed.sucks,available,298,,48,5,11,namecheap,,
4263543e-511a-4bca-95e1-6d91abc26ae1,madewaves.sucks,available,218.99,218.99,54,1,10,namesilo,,
427a9225-5593-43a5-afd9-b221e807acf8,stared.sucks,available,298,,56,4,6,namecheap,,
428a8438-e479-4aa1-8bb0-ad17a3ad503c,fellowfeeling.sucks,available,298,,62,1,14,namecheap,,
428f9387-66b7-4f2e-8178-0e5d6d12e235,chickenfriedsteak.sucks,available,298,,72,1,19,namecheap,,
42ca7ce1-fc1e-4999-be69-63639682ce24,engines.sucks,available,218.99,218.99,58,11,7,namesilo,,
42dfe2b9-4004-4ec3-869b-29fc68745d70,forests.sucks,available,298,,60,11,7,namecheap,,
42e70e25-8ca8-4204-bd17-0a6e574bc6b2,sobeit.sucks,available,298,,52,5,8,namecheap,,
42f2528d-76b8-4a09-9eda-4d0003fa1437,tomboys.sucks,available,218.99,218.99,52,2,7,namesilo,,
42f5364e-3b8f-4f03-987b-d6f8001e6ebe,ships.sucks,available,298,,54,15,5,namecheap,,
431400c0-1866-497b-b76f-39ad1ca109dd,fittogether.sucks,available,298,,80,4,12,namecheap,,
432eebd5-4a5c-4e8d-9371-a980e2b0ecc6,keepfrom.sucks,available,298,,52,1,9,namecheap,,
43517d96-589d-4f6e-aa89-dcff16d37eaa,disappoints.sucks,available,218.99,218.99,36,1,11,namesilo,,
43bc972c-eb84-4c74-8e73-f2c9a9a5c733,terrifies.sucks,available,298,,39,1,9,namecheap,,
43e59034-a072-4773-8e33-1770c3d6afa4,havenot.sucks,available,218.99,218.99,66,4,8,namesilo,,
43f38e18-9866-4d41-9f43-1dc270668152,wannabet.sucks,premium,2938.6,2938.6,62,6,9,namecheap,,
43f8ddda-5910-4465-b20d-2a68491c2b0d,neuroscience.sucks,available,298,,80,37,12,namecheap,,
43fd1339-a9cb-4b4d-9a65-1a27d3d15201,FedEx.sucks,premium,,,78,23,5,,,
440928f5-4700-42ef-a5d5-d33b1741de11,posterpaint.sucks,available,298,,74,2,12,namecheap,,
442fa7a4-fcde-4966-ae90-5758be5b215b,comeundone.sucks,available,298,,66,2,11,namecheap,,
4433eb5d-4b5b-4651-a060-b8b0d4afa6bf,estimating.sucks,available,298,,50,7,10,namecheap,,
444642cd-3ae3-48a0-8539-279736b02783,prompts.sucks,available,218.99,218.99,54,39,7,namesilo,,
44514cd1-ce24-4e6d-9159-08d83457a24d,units.sucks,available,298,,56,16,5,namecheap,,
4452c86c-a28d-47f0-9dc5-7906ef4b788a,contemplating.sucks,available,298,,42,3,13,namecheap,,
445de044-1bf6-4ba5-b574-b6795af58eef,businesses.sucks,available,298,,60,12,10,namecheap,,
44782339-5f78-4f29-bd9d-e08bae22428d,comeinuseful.sucks,available,298,,68,0,14,namecheap,,
448276e8-9770-49f6-9610-10049178394d,pools.sucks,available,298,,61,19,5,namecheap,,
4494b338-a743-43e8-b1f5-e32c677acda6,suggested.sucks,available,298,,64,5,9,namecheap,,
44b579a8-3189-405c-9c76-123de8decd73,overrated.sucks,available,298,,60,6,10,namecheap,,
44b72765-9ead-478e-b02b-2496beb8d15f,Ideclare.sucks,premium,,,58,3,9,,,
44ceeacd-c1a5-44f1-a59d-31624efdb565,magazines.sucks,available,298,,60,11,9,namecheap,,
44de0f2d-73c6-4f90-9f3e-440b532454ed,keepupwith.sucks,available,298,,76,2,12,namecheap,,
453fb3df-6ab6-4670-b483-35c15f2e2f47,explains.sucks,available,218.99,218.99,50,4,8,namesilo,,
454e0b3c-5ef9-4dcc-a21a-2f504626fe91,cocks.sucks,premium,2658.67,2658.67,56,10,5,namesilo,,
4576cf7a-2aa4-4969-9845-4ddae0db5740,networks.sucks,premium,2938.6,2938.6,60,20,8,namecheap,,
45796680-90be-47f6-8e35-21f40d3928af,prettier.sucks,available,298,,62,5,8,namecheap,,
45847d7d-9ad7-4ac9-982f-6645ab2f6d99,started.sucks,available,298,,60,11,7,namecheap,,
45a8e045-45f4-45ca-b86b-e6acfd642b6b,gooutlikealight.sucks,available,298,,62,1,19,namecheap,,
45ad147f-7634-4c03-b2b1-1da8269a290a,usernames.sucks,available,218.99,218.99,52,6,9,namesilo,,
45b1a85b-3a8a-44cd-af8e-e45347123e9e,gettingeven.sucks,available,298,,48,1,12,namecheap,,
45bb85ba-07ab-41bd-89a9-1dbbb73da24b,takeout.sucks,available,298,,75,16,8,namecheap,,
45c5e2a2-dbb9-4bb3-9b7d-3a4960a923da,WhatsApp.sucks,premium,,,90,84,8,,,
45de3446-0ecc-4608-abfd-6bdb9c260a02,practitioners.sucks,available,218.99,218.99,48,5,13,namesilo,,
45ee277e-372a-4ed5-b92e-d5525acd1a1e,overcomes.sucks,available,218.99,218.99,62,2,9,namesilo,,
4617d73c-a2a0-4b0a-96de-daa87ec85767,ohmygoodness.sucks,available,298,,50,4,14,namecheap,,
4634be4f-49e9-4fc3-9563-bfd395811f21,Jews.sucks,premium,,,50,12,4,,,
463e7a73-fa2a-4adf-9595-3f3a57646385,receptions.sucks,available,218.99,218.99,53,4,10,namesilo,,
4640182d-dcb2-4c68-bca3-88006ce446c3,tostartwith.sucks,available,298,,52,1,13,namecheap,,
465bb2bf-c008-4b00-a902-3a6da2241fc8,continues.sucks,available,298,,48,3,9,namecheap,,
466e5c2f-2e8b-4170-84dc-bdd0b07afde2,desires.sucks,available,298,,72,9,7,namecheap,,
46761e5c-c9ba-4503-b07c-e4c90efcb7cc,cometrue.sucks,available,298,,82,5,9,namecheap,,
467bbd7b-edc4-4c0b-b6e1-a253f997d533,takeaways.sucks,premium,2938.6,2938.6,56,5,9,namecheap,,
46a7b250-0331-43b4-b5a3-d7b7b0a3a68f,hits.sucks,premium,2658.67,2658.67,62,16,4,namesilo,,
46b7b0c7-1063-423a-b853-b558380230aa,divineintervention.sucks,available,298,,68,6,19,namecheap,,
46dd1c4c-e3c2-4404-bcb6-2eb8fa014c36,coffeeandcake.sucks,available,298,,72,2,15,namecheap,,
471b5f37-9650-4578-bc49-a858b068dd20,goviral.sucks,available,298,,76,17,8,namecheap,,
474cd07e-2e2e-461d-ae57-b6d2f447b027,sedans.sucks,available,218.99,218.99,51,3,6,namesilo,,
474e3313-bbf5-400b-b6ad-cb005b388eeb,selections.sucks,available,218.99,218.99,53,6,10,namesilo,,
475f874f-36d2-45e7-a065-aa13fe4b8514,asperusual.sucks,available,298,,48,1,12,namecheap,,
47675980-ea98-4aac-adc5-7dd4d2d02d48,divinejudgement.sucks,available,298,,47,1,16,namecheap,,
47b7393a-b093-4142-8fc1-0443d1c7a8df,generalformulae.sucks,available,218.99,218.99,44,0,16,namesilo,,
47d45374-82ac-4909-9b23-d9cc81d89f00,tablespoons.sucks,available,218.99,218.99,54,2,11,namesilo,,
47f83ab7-9847-4217-8fda-4616450536a9,dataflows.sucks,available,218.99,218.99,52,5,10,namesilo,,
480a3a94-a944-4dee-abf3-f1f91988d12c,stints.sucks,available,298,,52,3,6,namecheap,,
48132e21-e383-4f32-b443-a09896e29902,wrinkles.sucks,available,298,,55,4,8,namecheap,,
484aaaf3-3322-4b0e-ac39-edee14b36d3f,makesout.sucks,available,218.99,218.99,56,1,9,namesilo,,
485ca705-abc3-4bd8-9976-b06019a3b8f7,backtaxes.sucks,available,298,,62,3,10,namecheap,,
486bc2d7-b467-4326-ab4a-6279aa6b4dc3,prefers.sucks,available,218.99,218.99,52,3,7,namesilo,,
4893410e-31a2-4686-a1bf-82163ea3abd7,getoutsideof.sucks,available,298,,66,1,14,namecheap,,
4893d993-3e18-4448-aba7-6fef5f234c7d,weddings.sucks,premium,2658.67,2658.67,64,18,8,namesilo,,
48a0eaad-1b07-49c8-aeb6-739d65c1c745,takeajoke.sucks,available,298,,76,1,11,namecheap,,
48a4b588-e505-40ed-96d5-6a54a660fae5,owning.sucks,available,218.99,218.99,52,7,6,namesilo,,
48b9f488-98d2-4c40-88ac-e21477fb3d9b,makesense.sucks,available,298,,82,14,10,namecheap,,
48bb768c-51e9-4946-936e-59c4fde23aa8,cometopass.sucks,available,298,,74,1,12,namecheap,,
48cd11e0-237a-4eaa-91cd-36b0281f7415,boats.sucks,available,298,,52,24,5,namecheap,,
48cdafee-abf2-43c5-a36e-650ed8e3913a,lordmayor.sucks,available,298,,76,1,10,namecheap,,
48dde700-311b-4baf-8d7d-3a9e2d322ea7,resteasy.sucks,available,298,,79,4,9,namecheap,,
490c8eba-4002-4ff7-8885-c09fa8908651,softenup.sucks,available,298,,68,1,9,namecheap,,
492d2442-206b-42b6-911e-44280203aa0b,Frenchparsley.sucks,premium,,,66,1,14,,,
493000cc-c7a5-44da-9b94-044978e4b1df,smashinto.sucks,available,298,,38,0,10,namecheap,,
493ede48-2153-44b2-aaaa-d52521fe8cdd,Imissyou.sucks,premium,,,58,7,10,,,
494be5b4-0341-4880-93b7-4b1485426564,webcontent.sucks,available,298,,78,5,11,namecheap,,
49732a32-5971-4ecc-a10b-f30e1176009f,moveit.sucks,available,298,,77,13,7,namecheap,,
49b016ad-98e7-43fe-83a1-c4ca390b110a,signout.sucks,available,298,,75,4,8,namecheap,,
49b1ca13-593c-4fba-8d50-e8311eae37c5,footballs.sucks,available,218.99,218.99,64,5,9,namesilo,,
49c48cfd-f861-4ec4-a905-30e7f49e10d6,usualoffice.sucks,available,298,,57,0,12,namecheap,,
4a6ea455-e891-460b-a0d6-e784d8b8083e,dataentry.sucks,available,298,,72,6,10,namecheap,,
4a7274b9-1938-42a3-bd6c-2c9aa2e31533,wished.sucks,available,298,,66,4,6,namecheap,,
4a74a12d-81ca-4d19-90bd-c7775ed05c6a,childdevelopment.sucks,available,298,,48,4,17,namecheap,,
4a90923d-df81-443d-91cf-15b947a919b2,coffeeglass.sucks,available,298,,80,1,12,namecheap,,
4ab1dae3-d6cf-43ce-8a26-0a3cae7c1f2b,walked.sucks,available,298,,60,5,6,namecheap,,
4add8d96-2dbb-428d-8a65-2c9bd2a6fdfc,Caliorbust.sucks,premium,,,56,1,12,,,
4b060ba1-42f8-4757-8d68-8013e8fc8a9e,changeplaces.sucks,available,298,,62,0,13,namecheap,,
4b090877-5466-4aee-851f-50c70013128f,pizzatopping.sucks,available,218.99,218.99,48,1,13,namesilo,,
4b138c8e-1ac5-488e-bbdd-1eceb845b2e0,radios.sucks,available,218.99,218.99,55,13,6,namesilo,,
4b2be137-5021-4913-9573-fa9be3b63dba,scissored.sucks,available,218.99,218.99,64,1,9,namesilo,,
4b2d0c24-6fce-4c57-8d28-bd7311aab71c,terminators.sucks,available,218.99,218.99,46,3,11,namesilo,,
4b2f04ba-a879-459b-b044-2cd2afc42ef8,barbecuedpork.sucks,available,298,,58,0,14,namecheap,,
4b2f4b6a-e770-47a0-8eac-ac41c5330be5,visioned.sucks,available,298,,71,4,8,namecheap,,
4b865bb2-0bc3-44b4-93a7-0bc5c40532a3,fellowships.sucks,available,218.99,218.99,52,4,11,namesilo,,
4b877862-6cda-4ed9-b672-6f2049884477,behaviours.sucks,available,218.99,218.99,54,3,10,namesilo,,
4b8de8e7-54e9-476a-a190-21745bfc16c1,trios.sucks,available,218.99,218.99,50,9,5,namesilo,,
4b90db6a-6c07-4db2-ac04-f41b7041405e,keepnote.sucks,available,298,,48,2,9,namecheap,,
4b9bce28-a0a9-4d39-acd0-fcb27c9ca153,puzzles.sucks,available,298,,52,16,7,namecheap,,
4bc201c6-a6f0-46f0-a21c-65dcf5e54a5b,skies.sucks,available,298,,63,11,5,namecheap,,
4bc26748-a8fd-4a8e-bfd0-719bdca50b3e,worded.sucks,available,298,,53,4,6,namecheap,,
4bf03567-73ce-4dbb-9797-8d0864385099,getoninyears.sucks,available,298,,44,0,15,namecheap,,
4bfa1d74-64ea-49d3-b262-2778c8546e5c,finalreckoning.sucks,available,298,,58,2,15,namecheap,,
4c06a1f5-dd5e-4e48-9fce-b397352a9f56,scoopup.sucks,available,298,,68,3,8,namecheap,,
4c092f2f-99d9-4794-8a85-124f4a6bc6c5,manualworker.sucks,available,298,,42,0,13,namecheap,,
4c4b3d28-16a8-4cbf-a8ac-0b9a3090ae77,Ichooseviolence.sucks,premium,,,44,1,17,,,
4c8d405b-38a0-4fa8-94ff-2fd970e43c7b,CountyofSpencer.sucks,available,218.99,218.99,42,1,17,namesilo,,
4c9e5c77-e3bb-4d04-84b1-e5f1cc1fbb71,todolist.sucks,available,298,,73,12,10,namecheap,,
4cadccfc-1d01-455d-a9b2-2f6592c60b26,comicrelief.sucks,premium,2938.6,2938.6,80,5,12,namecheap,,
4cc467bb-1a91-4b16-9ca9-44093e6e53c2,lets.sucks,available,298,,77,39,4,namecheap,,
4ce1edfc-b4fb-4b8b-a3ca-87e499fac6ea,fundamentalscience.sucks,available,298,,66,2,19,namecheap,,
4ce9f422-eabe-4b34-809e-663ba14435c2,luncheonettes.sucks,available,218.99,218.99,52,1,13,namesilo,,
4d1bcefa-cc1e-4c9f-8809-5632f6d66d9f,backtoback.sucks,available,298,,72,5,12,namecheap,,
4d23f0de-49d1-4bb6-bbeb-5130e3ab03ea,panels.sucks,available,218.99,218.99,48,11,6,namesilo,,
4d36be40-7ce9-4ce2-8571-ecde5ac53a7c,SaintNicholas.sucks,premium,,,64,4,14,,,
4d54e411-08f4-4981-8be0-ba784f5ae9bf,leavenotrace.sucks,available,298,,68,4,14,namecheap,,
4d795f54-37dd-4802-b614-b12d183060bb,adverbs.sucks,available,298,,50,3,7,namecheap,,
4dacce52-4a5f-4d33-be76-03e830c7e8be,dropaline.sucks,available,298,,64,2,11,namecheap,,
4dcf206e-81df-4dcd-9ab7-64f0b894590a,smashit.sucks,available,298,,72,8,8,namecheap,,
4def32d9-68c7-4af9-b1c8-d5314a7d8d72,prowlers.sucks,available,218.99,218.99,40,2,8,namesilo,,
4e03b553-65be-4047-86e5-487404c6a0eb,seas.sucks,premium,2938.6,2938.6,58,13,4,namecheap,,
4e044a8d-0d75-4aa3-9a7f-8c6c6e8b1da6,prices.sucks,premium,2938.6,2938.6,51,15,6,namecheap,,
4e0fa75a-d538-4b8b-9d32-33c2632a26be,natives.sucks,available,298,,56,9,7,namecheap,,
4e285a64-0842-4837-8391-84dc1d161862,generals.sucks,available,298,,52,6,8,namecheap,,
4e461c54-d935-43ea-8895-77e7b0b653ae,workers.sucks,available,298,,60,20,7,namecheap,,
4e548532-44df-414e-8a34-1a0ed8a2c0fd,revolutions.sucks,available,298,,52,9,11,namecheap,,
4e596b38-550e-4f9a-8822-08573e8256d1,deepinthought.sucks,available,298,,52,1,15,namecheap,,
4e8fa891-3e58-4504-be1f-b1238ce8ee04,constraints.sucks,available,218.99,218.99,44,2,11,namesilo,,
4e956c2f-1e18-42d5-8017-aefb55e83b45,birches.sucks,available,218.99,218.99,57,4,7,namesilo,,
4ea643b9-0b77-4a30-b189-0b80607e7ee6,CapeCod.sucks,premium,,,78,22,8,,,
4eb85a4b-968d-4051-8d75-eb88fcebab0c,WorldWarIV.sucks,premium,,,52,1,12,,,
4edc3bd0-f564-48af-a926-59c013b92370,accountstated.sucks,available,298,,40,2,14,namecheap,,
4ee9e6c9-73d6-448f-9fdb-2a99f1047f73,newsarticle.sucks,available,298,,46,2,12,namecheap,,
4eeea29f-b9fa-4e59-b288-cb4f1afde82d,childsafetyseats.sucks,available,218.99,218.99,42,1,18,namesilo,,
4f468fcc-e016-4492-8c10-3cd343b4dedf,partitioned.sucks,available,298,,48,2,11,namecheap,,
4f6d1ef2-bb36-4dde-9c78-d5e56e47b3fd,norms.sucks,available,298,,45,7,5,namecheap,,
4f6e6228-1c40-4fd9-a909-4c15b4381f66,prototypes.sucks,available,218.99,218.99,56,9,10,namesilo,,
4f86ad66-6e56-4dbb-9809-645c6af78b0b,offerings.sucks,available,298,,52,4,9,namecheap,,
4f98902c-5db1-4178-9da9-989603d45906,estimates.sucks,available,218.99,218.99,50,7,9,namesilo,,
4f9cba6c-7927-42e5-9674-3a78c0fafa45,ideclension.sucks,available,298,,58,1,12,namecheap,,
4fce155d-7c7e-44ee-a52d-7829d52ecabf,Ispy.sucks,premium,,,76,14,5,,,
5011a8be-ddb1-444e-b729-629d464e05d6,remembered.sucks,available,298,,65,8,10,namecheap,,
5030822b-9ada-4593-a7bc-3e6d319c389c,ballplayer.sucks,available,298,,74,3,11,namecheap,,
5032d76d-f6f5-4612-8506-dc76c48063a3,basedon.sucks,available,298,,50,4,8,namecheap,,
5081a19e-452b-4a85-8def-cbbef06556f8,rivals.sucks,premium,2658.67,2658.67,48,20,6,namesilo,,
508410d3-2b61-47bb-97dd-c2b06821620d,quieted.sucks,available,298,,55,2,7,namecheap,,
50a077b6-ca5a-4f7c-939b-bd78a768489f,justices.sucks,available,218.99,218.99,52,6,8,namesilo,,
50a2ec9a-e67e-4270-ae46-bb531d46c9c0,goaround.sucks,available,298,,74,4,9,namecheap,,
50bac462-8f9c-4367-ad15-d10917e4e577,hotels.sucks,premium,2658.67,2658.67,64,82,6,namesilo,,
50bd5bb6-6e9d-48c1-909f-dc3788d8a2f7,chalkboards.sucks,available,218.99,218.99,52,2,11,namesilo,,
50c235eb-41ed-46a6-9fe1-051227b1e89b,hammerhome.sucks,available,298,,70,2,11,namecheap,,
50cdbfef-844f-4e75-9efd-a50ebe4c6ea1,overeasy.sucks,available,298,,68,8,9,namecheap,,
50f82f85-e77f-479a-ab91-a9dd15175e35,cars.sucks,premium,2938.6,2938.6,66,47,4,namecheap,,
51134b1e-2fea-4adc-ae37-1c41ad7db78e,commonnouns.sucks,available,218.99,218.99,54,0,12,namesilo,,
511ca0cb-49df-4a60-907d-c69978cc43ce,fails.sucks,premium,2938.6,2938.6,46,7,5,namecheap,,
512b2721-db37-417b-8330-7299354b5439,gotheextramile.sucks,available,298,,66,2,17,namecheap,,
5134d099-91a3-4156-aadc-a6cf90bace4c,billofrights.sucks,available,298,,70,3,14,namecheap,,
513c4954-941d-4fe2-8932-27e4830bcea1,reflections.sucks,available,298,,53,16,11,namecheap,,
5149f966-c61a-451b-ace1-aa8192b9fac2,grayer.sucks,available,218.99,218.99,60,3,6,namesilo,,
51701c3d-6e95-46b2-b890-8625c436d89c,spellingbook.sucks,available,298,,48,1,13,namecheap,,
517ededd-54e8-4236-917a-5b20c7e60f4e,moveup.sucks,premium,2938.6,2938.6,79,14,7,namecheap,,
51e5ae2b-1ca0-46f1-957d-40f4b5c477a0,successors.sucks,available,218.99,218.99,55,3,10,namesilo,,
51f74b99-6ad2-4db1-92a8-d862b78acb66,RosettaStone.sucks,premium,,,58,12,13,,,
51fa1ca3-d0fb-493b-83ed-c5e9a3dfb1ca,gobythewayside.sucks,available,298,,62,1,17,namecheap,,
51ffff17-8955-4131-bad9-077779e6f892,gettogether.sucks,available,298,,82,8,12,namecheap,,
520b772b-983f-4929-bcee-6ce82e274334,TheMall.sucks,premium,,,68,10,8,,,
522ddcf8-840d-479a-8439-cd829637c32b,advisors.sucks,premium,2938.6,2938.6,52,16,8,namecheap,,
5237961c-6a23-4d41-8a6b-46df5edda4f4,macaroniandcheese.sucks,available,298,,72,2,19,namecheap,,
523faa89-4f2e-4f9a-8ea2-2d964cbf918e,dogsbodies.sucks,available,218.99,218.99,76,1,10,namesilo,,
527aa0c0-7158-46bd-bbcd-92583f4efbc7,children.sucks,available,298,,68,21,8,namecheap,,
528d9405-b7a5-4be1-8521-2b2e662d6201,inwithachance.sucks,available,298,,60,1,16,namecheap,,
5297d54f-87cd-4003-96a5-307e7b74d89c,destinies.sucks,available,218.99,218.99,72,4,9,namesilo,,
52fd08b3-a4c2-454c-b1ed-6dc2ebe7dc96,ifpossible.sucks,available,298,,64,1,11,namecheap,,
530c6379-f88a-462a-867f-7d33255db2fe,razorburn.sucks,available,298,,60,1,10,namecheap,,
5314810d-01f8-4785-bd64-acac1ac28f0f,jetairliner.sucks,available,298,,58,1,12,namecheap,,
532cbffb-4f77-4899-b310-d16d8378266c,outcomes.sucks,available,218.99,218.99,62,12,8,namesilo,,
534901e4-8576-4c44-99c2-72382f8278e0,tothe.sucks,available,218.99,218.99,54,7,6,namesilo,,
538ba2b0-d08f-47c0-84dc-be5987056029,dads.sucks,premium,2658.67,2658.67,60,17,4,namesilo,,
53b3f785-42fa-46b0-9c9c-4769cc2c66e7,turnsback.sucks,available,218.99,218.99,53,1,10,namesilo,,
53fbcbea-f440-49f2-9131-ec1542500e13,tells.sucks,available,298,,62,7,5,namecheap,,
5423e274-7fad-4ecf-b281-23cbd7f1b37c,offcampus.sucks,available,298,,67,7,10,namecheap,,
543158fb-fb39-4ee6-9031-2e2b96be32e2,MiddleEasterner.sucks,premium,,,62,1,16,,,
545ca6be-5f77-47df-97d3-befd538f5ebc,retailbanking.sucks,available,298,,59,3,14,namecheap,,
54605621-e184-433b-9992-1339de8e3d06,functions.sucks,available,298,,54,12,9,namecheap,,
549d339d-a122-43ba-8d31-7f1090f2a60a,catered.sucks,available,298,,56,5,7,namecheap,,
549ef98c-77ea-474d-9ce3-850b306e158a,errors.sucks,available,298,,46,11,6,namecheap,,
54ccb796-3b29-4458-85f1-2f566f206d54,textures.sucks,available,298,,50,9,8,namecheap,,
54ce3d49-7fb8-4d45-ac34-d55d5222a7e2,events.sucks,premium,2938.6,2938.6,68,37,6,namecheap,,
54eb8197-b8be-4711-bc67-ca00c69dfdda,proxycard.sucks,available,298,,44,2,10,namecheap,,
54f6f9fa-d5e2-4b1a-8184-a23e8549d0b9,pins.sucks,available,298,,68,15,4,namecheap,,
54fce829-16fc-40e9-ba52-75b5da04a76d,justthesame.sucks,available,298,,46,1,13,namecheap,,
553f6120-e008-4c0b-9586-0a43e9f960d1,announces.sucks,available,218.99,218.99,58,2,9,namesilo,,
55649733-5d66-46ce-9ef7-5dd15cc76a2f,iPhone.sucks,premium,,,90,82,6,,,
5569cb8e-24ad-4431-b37f-a13222ae9e39,amplifies.sucks,available,298,,56,2,9,namecheap,,
55950adf-148c-470f-940d-b513ea8ec6a0,coffeeberry.sucks,premium,2938.6,2938.6,80,4,12,namecheap,,
55a28b51-d0c9-4306-ae0e-2cf258be2832,arrays.sucks,available,218.99,218.99,50,5,6,namesilo,,
55af6d93-3fe6-4a41-b1c7-4946f2dca633,tongues.sucks,available,298,,51,6,7,namecheap,,
55e21e7b-838e-402e-9630-405657591aea,aunts.sucks,available,298,,54,2,5,namecheap,,
55f78fef-97e3-4981-b252-d5a11479af8c,Ihaveatoothache.sucks,premium,,,50,1,18,,,
5600d0ed-5987-4b89-a810-a4a400c17211,playaround.sucks,available,298,,72,5,11,namecheap,,
560bcf45-4f12-43b6-b137-053a968efecf,CountriesinAsia.sucks,available,218.99,218.99,48,1,17,namesilo,,
56420e23-9372-4fe6-b9dc-e12729003ca5,nuclei.sucks,available,298,,44,7,6,namecheap,,
56519ce1-a278-4777-8162-f8b69a4ce44f,holdingtheball.sucks,available,298,,62,1,16,namecheap,,
565b6acb-bd75-4d21-9934-caf02253edb4,slampoetry.sucks,available,298,,78,2,11,namecheap,,
56652320-c4ef-4a02-b90c-efb9714a1c8a,summertime.sucks,premium,2938.6,2938.6,78,11,11,namecheap,,
56717bb8-a7ed-454e-a7ad-0e8b5971cf38,tablespoonful.sucks,available,298,,58,1,13,namecheap,,
56784fe9-76d4-4255-8e69-22f476d268ca,makefirstbase.sucks,available,298,,42,1,15,namecheap,,
567b1927-5e48-43ba-a5f1-5207b6154d38,edamame.sucks,premium,2658.67,2658.67,80,9,7,namesilo,,
5685d38d-e4fa-44de-9dc1-5c603cd20348,recaptured.sucks,available,298,,48,2,10,namecheap,,
56b8caf4-7840-442d-bdb4-b1160dd6e6ce,lunchtime.sucks,available,298,,78,8,10,namecheap,,
56c989b7-d9a0-401b-8554-24b0cb6fd101,alcoholproblem.sucks,available,298,,30,1,15,namecheap,,
56d2ae2c-4929-4d35-bc09-59051328066f,getoutofDodge.sucks,premium,,,62,1,16,,,
56de8995-9baf-4f6e-8c13-a0f3e88165d8,makeout.sucks,available,298,,76,4,8,namecheap,,
56df020d-0d9c-480f-ba7f-0dbdb04b9320,letthematterdrop.sucks,available,298,,47,1,19,namecheap,,
5711101a-adf8-4f4f-9bde-77a55fcabf95,officeclerk.sucks,available,298,,49,1,12,namecheap,,
5718709c-9ece-4220-aee3-399a9c3c638f,keepittogether.sucks,available,298,,68,2,16,namecheap,,
5721fd2f-93da-46f5-97bf-8b4da928c05a,expires.sucks,available,298,,50,4,7,namecheap,,
572e5305-2596-44c2-856c-bbcc9bd8a0db,communityspirit.sucks,available,298,,72,2,16,namecheap,,
5732c767-f16e-4f71-a742-9f8c806fe06e,Americaneagle.sucks,premium,,,66,60,14,,,
57720ac4-e8ba-4ee6-88a7-8ffa85b35726,trumpeted.sucks,available,298,,53,1,9,namecheap,,
577451d9-0119-40f2-8232-b99b1d5be263,holdingthecards.sucks,available,298,,44,1,17,namecheap,,